-- phpMyAdmin SQL Dump
-- version 5.0.2
-- https://www.phpmyadmin.net/
--
-- Servidor: localhost
-- Tiempo de generación: 27-04-2020 a las 08:23:25
-- Versión del servidor: 10.4.11-MariaDB
-- Versión de PHP: 7.3.16

SET SQL_MODE = "NO_AUTO_VALUE_ON_ZERO";
START TRANSACTION;
SET time_zone = "+00:00";


/*!40101 SET @OLD_CHARACTER_SET_CLIENT=@@CHARACTER_SET_CLIENT */;
/*!40101 SET @OLD_CHARACTER_SET_RESULTS=@@CHARACTER_SET_RESULTS */;
/*!40101 SET @OLD_COLLATION_CONNECTION=@@COLLATION_CONNECTION */;
/*!40101 SET NAMES utf8mb4 */;

--
-- Base de datos: `kiosko`
--

-- --------------------------------------------------------

--
-- Estructura de tabla para la tabla `configuracion`
--

CREATE TABLE `configuracion` (
  `id` int(11) NOT NULL,
  `valor_vaso_grande` int(11) NOT NULL,
  `valor_vaso_mediano` int(11) NOT NULL,
  `valor_vaso_pequeno` int(11) NOT NULL,
  `valor_topping` int(100) NOT NULL
) ENGINE=InnoDB DEFAULT CHARSET=latin1;

-- --------------------------------------------------------

--
-- Estructura de tabla para la tabla `pedido`
--

CREATE TABLE `pedido` (
  `id` int(11) NOT NULL,
  `fecha` date NOT NULL,
  `realizado` int(1) NOT NULL,
  `valor` int(7) NOT NULL
) ENGINE=InnoDB DEFAULT CHARSET=latin1;

--
-- Volcado de datos para la tabla `pedido`
--

INSERT INTO `pedido` (`id`, `fecha`, `realizado`, `valor`) VALUES
(1, '2018-02-02', 0, 200000),
(2, '2018-02-02', 0, 200000),
(3, '2018-02-02', 0, 200000),
(4, '2018-02-02', 0, 200000),
(5, '2018-02-02', 0, 200000),
(6, '2018-02-02', 0, 200000),
(7, '2018-02-02', 0, 200000),
(8, '2018-02-02', 0, 200000),
(9, '2018-02-02', 0, 200000),
(10, '2018-02-02', 0, 200000),
(11, '2018-02-02', 0, 200000),
(12, '2018-02-02', 0, 200000),
(13, '2018-02-02', 0, 200000),
(14, '2018-02-02', 0, 200000),
(15, '2018-02-02', 0, 200000),
(16, '2018-02-02', 0, 200000),
(17, '2018-02-02', 0, 200000),
(18, '2018-02-02', 0, 200000),
(19, '2018-02-02', 0, 200000),
(20, '2018-02-02', 0, 200000),
(21, '2018-02-02', 0, 200000),
(22, '2018-02-02', 0, 200000),
(23, '2018-02-02', 0, 200000),
(24, '2018-02-02', 0, 200000),
(25, '2018-02-02', 0, 200000),
(26, '2018-02-02', 0, 200000),
(27, '2018-02-02', 0, 200000),
(28, '2018-02-02', 0, 200000),
(29, '2018-02-02', 0, 200000),
(30, '2018-02-02', 0, 200000),
(31, '2018-02-02', 0, 200000),
(32, '2018-02-02', 0, 200000),
(33, '2018-02-02', 0, 200000),
(34, '2018-02-02', 1, 200000),
(35, '2018-02-02', 0, 200000),
(36, '2018-02-02', 0, 200000),
(37, '2018-02-02', 0, 200000),
(38, '2018-02-02', 0, 200000),
(39, '2018-02-02', 0, 200000),
(40, '2018-02-02', 0, 200000),
(41, '2018-02-02', 0, 200000),
(42, '2018-02-02', 0, 200000),
(43, '2018-02-02', 0, 200000),
(44, '2018-02-02', 0, 200000),
(45, '2018-02-02', 0, 200000),
(46, '2018-02-02', 0, 200000),
(47, '2018-02-02', 0, 200000),
(48, '2018-02-02', 0, 200000),
(49, '2018-02-02', 0, 200000),
(50, '2018-02-02', 0, 200000),
(51, '2018-02-02', 0, 200000),
(52, '2018-02-02', 0, 200000),
(53, '2018-02-02', 1, 200000),
(54, '2018-02-02', 0, 200000),
(55, '2018-02-02', 0, 200000),
(56, '2018-02-02', 0, 200000),
(57, '2018-02-02', 0, 200000),
(58, '2018-02-02', 0, 200000),
(59, '2018-02-02', 0, 200000),
(60, '2018-02-02', 0, 200000),
(61, '2018-02-02', 0, 200000),
(62, '2018-02-02', 0, 200000),
(63, '2018-02-02', 0, 200000),
(64, '2018-02-02', 0, 200000),
(65, '2018-02-02', 0, 200000),
(66, '2018-02-02', 0, 200000),
(67, '2018-02-02', 0, 200000),
(68, '2018-02-02', 0, 200000),
(69, '2018-02-02', 1, 200000),
(70, '2018-02-02', 0, 200000),
(71, '2018-02-02', 0, 200000),
(72, '2018-02-02', 0, 200000),
(73, '2018-02-02', 0, 200000),
(74, '2018-02-02', 0, 200000),
(75, '2018-02-02', 0, 200000),
(76, '2018-02-02', 0, 200000),
(77, '2018-02-02', 0, 200000),
(78, '2018-02-02', 0, 200000),
(79, '2018-02-02', 1, 200000),
(80, '2018-02-02', 0, 200000),
(81, '2018-02-02', 0, 200000),
(82, '2018-02-02', 0, 200000),
(83, '2018-02-02', 0, 200000),
(84, '2018-02-02', 0, 200000),
(85, '2018-02-02', 0, 200000),
(86, '2018-02-02', 0, 200000),
(87, '2018-02-02', 0, 200000),
(88, '2018-02-02', 0, 200000),
(89, '2018-02-02', 0, 200000),
(90, '2018-02-02', 0, 200000),
(91, '2018-02-02', 0, 200000),
(92, '2018-02-02', 0, 200000),
(93, '2018-02-02', 0, 200000),
(94, '2018-02-02', 0, 200000),
(95, '2018-02-02', 0, 200000),
(96, '2018-02-02', 0, 200000),
(97, '2018-02-02', 0, 200000),
(98, '2018-02-02', 0, 200000),
(99, '2018-02-02', 0, 200000),
(100, '2018-02-02', 0, 200000),
(101, '2018-02-02', 0, 200000),
(102, '2018-02-02', 0, 200000),
(103, '2018-02-02', 0, 200000),
(104, '2018-02-02', 0, 200000),
(105, '2018-02-02', 0, 200000),
(106, '2018-02-02', 0, 200000),
(107, '2018-02-02', 0, 200000),
(108, '2018-02-02', 0, 200000),
(109, '2018-02-02', 0, 200000),
(110, '2018-02-02', 0, 200000),
(111, '2018-02-02', 0, 200000),
(112, '2018-02-02', 0, 200000),
(113, '2018-02-02', 0, 200000),
(114, '2018-02-02', 0, 200000),
(115, '2018-02-02', 0, 200000),
(116, '2018-02-02', 0, 200000),
(117, '2018-02-02', 0, 200000),
(118, '2018-02-02', 0, 200000),
(119, '2018-02-02', 0, 200000),
(120, '2018-02-02', 0, 200000),
(121, '2018-02-02', 0, 200000),
(122, '2018-02-02', 0, 200000),
(123, '2018-02-02', 0, 200000),
(124, '2018-02-02', 0, 200000),
(125, '2018-02-02', 0, 200000),
(126, '2018-02-02', 0, 200000),
(127, '2018-02-02', 0, 200000),
(128, '2018-02-02', 0, 200000),
(129, '2018-02-02', 0, 200000),
(130, '2018-02-02', 0, 200000),
(131, '2018-02-02', 0, 200000),
(132, '2018-02-02', 0, 200000),
(133, '2018-02-02', 0, 200000),
(134, '2018-02-02', 0, 200000),
(135, '2018-02-02', 0, 200000),
(136, '2018-02-02', 0, 200000),
(137, '2018-02-02', 0, 200000),
(138, '2018-02-02', 0, 200000),
(139, '2018-02-02', 0, 200000),
(140, '2018-02-02', 0, 200000),
(141, '2018-02-02', 0, 200000),
(142, '2018-02-02', 1, 200000),
(143, '2018-02-02', 0, 200000),
(144, '2018-02-02', 0, 200000),
(145, '2018-02-02', 1, 200000),
(146, '2018-02-02', 0, 200000),
(147, '2018-02-02', 0, 200000),
(148, '2018-02-02', 1, 200000),
(149, '2018-02-02', 0, 200000),
(150, '2018-02-02', 0, 200000),
(151, '2018-02-02', 0, 200000),
(152, '2018-02-02', 0, 200000),
(153, '2018-02-02', 0, 200000),
(154, '2018-02-02', 1, 200000),
(155, '2018-02-02', 1, 200000),
(156, '2018-02-02', 1, 200000),
(157, '2018-02-02', 1, 200000),
(158, '2018-02-02', 0, 200000),
(159, '2018-02-02', 0, 200000),
(160, '2018-02-02', 1, 200000),
(161, '2018-02-02', 0, 200000),
(162, '2018-02-02', 1, 200000),
(163, '2018-02-02', 1, 200000),
(164, '2018-02-02', 1, 200000),
(165, '2018-02-02', 1, 200000),
(166, '2018-02-02', 1, 200000),
(167, '2018-02-02', 1, 200000),
(168, '2018-02-02', 1, 200000),
(169, '2018-02-02', 1, 200000),
(170, '2018-02-02', 1, 200000),
(171, '2018-02-02', 1, 200000),
(172, '2018-02-02', 1, 200000),
(173, '2018-02-02', 1, 200000),
(174, '2018-02-02', 1, 200000),
(175, '2018-02-02', 1, 200000),
(176, '2018-02-02', 1, 200000),
(177, '2018-02-02', 1, 200000),
(178, '2018-02-02', 1, 200000),
(179, '2018-02-02', 1, 200000),
(180, '2018-02-02', 1, 200000),
(181, '2018-02-02', 1, 200000),
(182, '2018-02-02', 1, 200000),
(183, '2018-02-02', 1, 200000),
(184, '2018-02-02', 0, 200000),
(185, '2018-02-02', 1, 200000),
(186, '2018-02-02', 0, 200000),
(187, '2018-02-02', 0, 200000),
(188, '2018-02-02', 0, 200000),
(189, '2018-02-02', 0, 200000),
(190, '2018-02-02', 1, 200000),
(191, '2018-02-02', 0, 200000),
(192, '2018-02-02', 0, 200000),
(193, '2018-02-02', 1, 200000),
(194, '2018-07-24', 0, 14000),
(195, '2018-07-24', 0, 4500),
(196, '2018-07-24', 0, 4500),
(197, '2018-07-24', 0, 4500),
(198, '2018-07-24', 0, 4500),
(199, '2018-07-24', 0, 4500),
(200, '2018-07-24', 1, 4500),
(201, '2018-07-24', 1, 4500),
(202, '2018-07-24', 0, 4500),
(203, '2018-07-24', 0, 4500),
(204, '2018-07-24', 1, 4500),
(205, '2018-07-24', 1, 4500),
(206, '2018-07-24', 0, 4500),
(207, '2018-07-24', 0, 3500),
(208, '2018-07-24', 0, 4500),
(209, '2018-07-24', 0, 4500),
(210, '2018-07-24', 0, 5500),
(211, '2018-07-24', 0, 7000),
(212, '2018-07-24', 0, 5500),
(213, '2018-07-24', 1, 5500),
(214, '2018-07-24', 1, 9000),
(215, '2018-07-24', 0, 3500),
(216, '2018-07-24', 0, 10000),
(217, '2018-07-24', 1, 5500),
(218, '2018-07-24', 1, 4500),
(219, '2018-07-24', 0, 12000),
(220, '2018-07-24', 0, 5500),
(221, '2018-07-24', 0, 5500),
(222, '2018-07-24', 1, 5500),
(223, '2018-07-24', 0, 4500),
(224, '2018-07-24', 0, 5500),
(225, '2018-07-24', 0, 4500),
(226, '2018-07-24', 1, 6500),
(227, '2018-07-24', 0, 3500),
(228, '2018-07-24', 0, 4500),
(229, '2018-07-24', 1, 7000),
(230, '2018-07-24', 0, 4500),
(231, '2018-07-24', 0, 4500),
(232, '2018-07-24', 0, 3500),
(233, '2018-07-24', 0, 7000),
(234, '2018-07-24', 0, 4500),
(235, '2018-07-24', 0, 5500),
(236, '2018-07-24', 0, 4500),
(237, '2018-07-24', 0, 7000),
(238, '2018-07-24', 0, 4500),
(239, '2018-07-24', 0, 4500),
(240, '2018-07-24', 0, 5500),
(241, '2018-07-24', 0, 5500),
(242, '2018-07-24', 0, 4500),
(243, '2018-07-24', 0, 9000),
(244, '2018-07-24', 0, 4500),
(245, '2018-07-25', 1, 5500),
(246, '2018-07-25', 1, 21000),
(247, '2018-07-25', 0, 4500),
(248, '2018-07-25', 1, 3500),
(249, '2018-07-25', 0, 4500),
(250, '2018-07-25', 1, 9000),
(251, '2018-07-25', 1, 7000),
(252, '2018-07-25', 1, 5500),
(253, '2018-07-25', 1, 3500),
(254, '2018-07-25', 1, 5500),
(255, '2018-07-25', 1, 4500),
(256, '2018-07-25', 0, 6500),
(257, '2018-07-25', 1, 3500),
(258, '2018-07-25', 1, 3500),
(259, '2018-07-25', 0, 8500),
(260, '2018-07-25', 0, 4500),
(261, '2018-07-25', 0, 3500),
(262, '2018-07-25', 1, 3500),
(263, '2018-07-25', 1, 3500),
(264, '2018-07-25', 1, 4500),
(265, '2018-07-25', 1, 4500),
(266, '2018-07-25', 1, 3500),
(267, '2018-07-25', 1, 3500),
(268, '2018-07-25', 1, 5500),
(269, '2018-07-25', 1, 7000),
(270, '2018-07-25', 1, 6500),
(271, '2018-07-25', 1, 3500),
(272, '2018-07-25', 1, 3500),
(273, '2018-07-25', 1, 9000),
(274, '2018-07-25', 1, 3500),
(275, '2018-07-25', 1, 4500),
(276, '2018-07-25', 0, 3500),
(277, '2018-07-25', 1, 7000),
(278, '2018-07-25', 1, 3500),
(279, '2018-07-25', 1, 5500),
(280, '2018-07-25', 1, 5500),
(281, '2018-07-25', 1, 4500),
(282, '2018-07-25', 1, 3500),
(283, '2018-07-25', 1, 5500),
(284, '2018-07-25', 1, 3500),
(285, '2018-07-25', 0, 7000),
(286, '2018-07-25', 1, 3500),
(287, '2018-07-25', 1, 7000),
(288, '2018-07-25', 1, 3500),
(289, '2018-07-25', 1, 3500),
(290, '2018-07-25', 1, 3500),
(291, '2018-07-25', 1, 7000),
(292, '2018-07-25', 0, 3500),
(293, '2018-07-25', 1, 3500),
(294, '2018-07-25', 1, 3500),
(295, '2018-07-25', 1, 4500),
(296, '2018-07-25', 1, 3500),
(297, '2018-07-25', 1, 4500),
(298, '2018-07-25', 1, 4500),
(299, '2018-07-26', 1, 5500),
(300, '2018-07-26', 1, 3500),
(301, '2018-07-26', 0, 7500),
(302, '2018-07-26', 1, 4500),
(303, '2018-07-26', 1, 4500),
(304, '2018-07-26', 1, 4500),
(305, '2018-07-26', 0, 4500),
(306, '2018-07-26', 1, 3500),
(307, '2018-07-26', 1, 3500),
(308, '2018-07-26', 1, 3500),
(309, '2018-07-26', 1, 4500),
(310, '2018-07-26', 1, 3500),
(311, '2018-07-26', 1, 4500),
(312, '2018-07-26', 1, 3500),
(313, '2018-07-26', 1, 4500),
(314, '2018-07-26', 1, 4500),
(315, '2018-07-26', 1, 3500),
(316, '2018-07-26', 1, 5500),
(317, '2018-07-26', 1, 4500),
(318, '2018-07-26', 1, 9000),
(319, '2018-07-26', 1, 7000),
(320, '2018-07-26', 1, 3500),
(321, '2018-07-26', 1, 4500),
(322, '2018-07-26', 1, 3500),
(323, '2018-07-26', 1, 5500),
(324, '2018-07-26', 1, 4500),
(325, '2018-07-26', 0, 5500),
(326, '2018-07-26', 1, 4500),
(327, '2018-07-26', 1, 11500),
(328, '2018-07-26', 1, 4500),
(329, '2018-07-26', 1, 4500),
(330, '2018-07-26', 1, 4500),
(331, '2018-07-26', 1, 9000),
(332, '2018-07-26', 1, 4500),
(333, '2018-07-26', 0, 4500),
(334, '2018-07-26', 1, 5500),
(335, '2018-07-26', 1, 6500),
(336, '2018-07-26', 1, 4500),
(337, '2018-07-26', 1, 4500),
(338, '2018-07-26', 0, 3500),
(339, '2018-07-26', 0, 3500),
(340, '2018-07-26', 0, 4500),
(341, '2018-07-26', 0, 4500),
(342, '2018-07-26', 0, 5500),
(343, '2018-07-26', 0, 4500),
(344, '2018-07-27', 1, 4500),
(345, '2018-07-27', 1, 5500),
(346, '2018-07-27', 1, 7500),
(347, '2018-07-27', 1, 4500),
(348, '2018-07-27', 1, 3500),
(349, '2018-07-27', 1, 3500),
(350, '2018-07-27', 1, 4500),
(351, '2018-07-27', 1, 4500),
(352, '2018-07-27', 1, 4500),
(353, '2018-07-27', 1, 4500),
(354, '2018-07-27', 1, 3500),
(355, '2018-07-27', 1, 4500),
(356, '2018-07-27', 1, 3500),
(357, '2018-07-27', 1, 4500),
(358, '2018-07-27', 1, 4500),
(359, '2018-07-27', 1, 4500),
(360, '2018-07-27', 0, 9000),
(361, '2018-07-27', 0, 5500),
(362, '2018-07-27', 0, 4500),
(363, '2018-07-27', 1, 5500),
(364, '2018-07-27', 0, 4500),
(365, '2018-07-27', 0, 3500),
(366, '2018-07-27', 0, 5500),
(367, '2018-07-27', 0, 4500),
(368, '2018-07-27', 0, 6500),
(369, '2018-07-27', 0, 4500),
(370, '2018-07-27', 1, 4500),
(371, '2018-07-27', 0, 3500),
(372, '2018-07-27', 1, 3500),
(373, '2018-07-28', 1, 9000),
(374, '2018-07-28', 1, 3500),
(375, '2018-07-28', 1, 4500),
(376, '2018-07-28', 1, 4500),
(377, '2018-07-28', 1, 15500),
(378, '2018-07-28', 1, 4500),
(379, '2018-07-28', 1, 3500),
(380, '2018-07-28', 1, 4500),
(381, '2018-07-28', 1, 3500),
(382, '2018-07-28', 1, 9000),
(383, '2018-07-28', 1, 7500),
(384, '2018-07-28', 1, 3500),
(385, '2018-07-28', 1, 3500),
(386, '2018-07-28', 1, 5500),
(387, '2018-07-28', 1, 4500),
(388, '2018-07-28', 1, 10000),
(389, '2018-07-28', 1, 3500),
(390, '2018-07-28', 1, 3500),
(391, '2018-07-28', 1, 3500),
(392, '2018-07-28', 1, 3500),
(393, '2018-07-28', 1, 4500),
(394, '2018-07-28', 1, 4500),
(395, '2018-07-28', 1, 6500),
(396, '2018-07-28', 1, 3500),
(397, '2018-07-28', 1, 5500),
(398, '2018-07-28', 1, 3500),
(399, '2018-07-28', 1, 3500),
(400, '2018-07-28', 1, 3500),
(401, '2018-07-28', 1, 4500),
(402, '2018-07-28', 1, 4500),
(403, '2018-07-28', 1, 4500),
(404, '2018-07-28', 1, 4500),
(405, '2018-07-28', 1, 5500),
(406, '2018-07-28', 1, 4500),
(407, '2018-07-28', 1, 11000),
(408, '2018-07-28', 1, 3500),
(409, '2018-07-28', 1, 4500),
(410, '2018-07-28', 1, 13500),
(411, '2018-07-28', 1, 3500),
(412, '2018-07-28', 1, 4500),
(413, '2018-07-28', 1, 4500),
(414, '2018-07-28', 1, 4500),
(415, '2018-07-28', 1, 4500),
(416, '2018-07-28', 1, 5500),
(417, '2018-07-28', 1, 4500),
(418, '2018-07-28', 1, 4500),
(419, '2018-07-28', 1, 3500),
(420, '2018-07-28', 1, 6500),
(421, '2018-07-28', 1, 5500),
(422, '2018-07-28', 1, 4500),
(423, '2018-07-28', 1, 3500),
(424, '2018-07-28', 1, 4500),
(425, '2018-07-30', 0, 4500),
(426, '2018-07-30', 0, 4500),
(427, '2018-07-30', 0, 4500),
(428, '2018-07-30', 0, 4500),
(429, '2018-07-30', 0, 5500),
(430, '2018-07-30', 0, 4500),
(431, '2018-07-30', 0, 6500),
(432, '2018-07-30', 0, 6500),
(433, '2018-07-30', 0, 4500),
(434, '2018-07-30', 0, 5500),
(435, '2018-07-30', 0, 5500),
(436, '2018-07-30', 0, 3500),
(437, '2018-07-30', 0, 4500),
(438, '2018-07-30', 0, 4500),
(439, '2018-07-30', 0, 4500),
(440, '2018-07-30', 0, 5500),
(441, '2018-07-30', 0, 5500),
(442, '2018-07-30', 0, 3500),
(443, '2018-07-30', 0, 4500),
(444, '2018-07-30', 0, 10000),
(445, '2018-07-30', 0, 4500),
(446, '2018-07-30', 0, 6500),
(447, '2018-07-30', 0, 6500),
(448, '2018-07-31', 1, 3500),
(449, '2018-07-31', 1, 5500),
(450, '2018-07-31', 1, 7000),
(451, '2018-07-31', 1, 11000),
(452, '2018-07-31', 1, 10500),
(453, '2018-07-31', 1, 3500),
(454, '2018-07-31', 1, 4500),
(455, '2018-07-31', 1, 4500),
(456, '2018-07-31', 1, 3500),
(457, '2018-07-31', 1, 3500),
(458, '2018-07-31', 1, 4500),
(459, '2018-07-31', 1, 3500),
(460, '2018-07-31', 1, 4500),
(461, '2018-07-31', 1, 4500),
(462, '2018-07-31', 1, 7000),
(463, '2018-07-31', 1, 4500),
(464, '2018-07-31', 1, 3500),
(465, '2018-07-31', 1, 3500),
(466, '2018-07-31', 1, 3500),
(467, '2018-07-31', 1, 3500),
(468, '2018-07-31', 1, 4500),
(469, '2018-07-31', 1, 4500),
(470, '2018-07-31', 1, 4500),
(471, '2018-07-31', 1, 9000),
(472, '2018-07-31', 1, 4500),
(473, '2018-07-31', 1, 3500),
(474, '2018-07-31', 1, 3500),
(475, '2018-07-31', 1, 3500),
(476, '2018-07-31', 1, 9000),
(477, '2018-07-31', 1, 7000),
(478, '2018-07-31', 1, 19500),
(479, '2018-07-31', 1, 3500),
(480, '2018-07-31', 0, 3500),
(481, '2018-07-31', 1, 4500),
(482, '2018-07-31', 1, 3500),
(483, '2018-07-31', 0, 6500),
(484, '2018-08-01', 1, 3500),
(485, '2018-08-01', 1, 5500),
(486, '2018-08-01', 1, 3500),
(487, '2018-08-01', 1, 3500),
(488, '2018-08-01', 1, 4500),
(489, '2018-08-01', 1, 8000),
(490, '2018-08-01', 1, 3500),
(491, '2018-08-01', 1, 5500),
(492, '2018-08-01', 1, 4500),
(493, '2018-08-01', 1, 3500),
(494, '2018-08-01', 1, 3500),
(495, '2018-08-01', 1, 3500),
(496, '2018-08-01', 1, 7000),
(497, '2018-08-01', 1, 3500),
(498, '2018-08-01', 1, 3500),
(499, '2018-08-01', 1, 3500),
(500, '2018-08-01', 1, 3500),
(501, '2018-08-01', 1, 7000),
(502, '2018-08-01', 1, 4500),
(503, '2018-08-01', 1, 10500),
(504, '2018-08-01', 1, 4500),
(505, '2018-08-01', 1, 4500),
(506, '2018-08-01', 1, 4500),
(507, '2018-08-01', 1, 4500),
(508, '2018-08-01', 1, 13500),
(509, '2018-08-01', 1, 9000),
(510, '2018-08-01', 1, 4500),
(511, '2018-08-01', 1, 7500),
(512, '2018-08-01', 1, 3500),
(513, '2018-08-01', 1, 3500),
(514, '2018-08-01', 1, 9000),
(515, '2018-08-01', 1, 5500),
(516, '2018-08-01', 1, 3500),
(517, '2018-08-01', 0, 19500),
(518, '2018-08-02', 1, 7000),
(519, '2018-08-02', 1, 4500),
(520, '2018-08-02', 1, 5500),
(521, '2018-08-02', 1, 5500),
(522, '2018-08-02', 1, 3500),
(523, '2018-08-02', 1, 4500),
(524, '2018-08-02', 1, 4500),
(525, '2018-08-02', 1, 5500),
(526, '2018-08-02', 1, 3500),
(527, '2018-08-02', 1, 3500),
(528, '2018-08-02', 1, 3500),
(529, '2018-08-02', 0, 5500),
(530, '2018-08-02', 1, 3500),
(531, '2018-08-02', 1, 4500),
(532, '2018-08-02', 1, 7000),
(533, '2018-08-02', 1, 3500),
(534, '2018-08-02', 1, 12000),
(535, '2018-08-02', 1, 4500),
(536, '2018-08-02', 1, 4500),
(537, '2018-08-02', 1, 3500),
(538, '2018-08-02', 1, 3500),
(539, '2018-08-02', 1, 4500),
(540, '2018-08-02', 1, 3500),
(541, '2018-08-02', 1, 5500),
(542, '2018-08-02', 1, 6500),
(543, '2018-08-02', 1, 4500),
(544, '2018-08-02', 1, 11500),
(545, '2018-08-02', 1, 3500),
(546, '2018-08-02', 0, 4500),
(547, '2018-08-02', 1, 3500),
(548, '2018-08-02', 1, 3500),
(549, '2018-08-02', 1, 3500),
(550, '2018-08-02', 1, 3500),
(551, '2018-08-02', 1, 3500),
(552, '2018-08-02', 1, 5500),
(553, '2018-08-02', 1, 3500),
(554, '2018-08-02', 1, 3500),
(555, '2018-08-02', 1, 4500),
(556, '2018-08-03', 1, 21500),
(557, '2018-08-03', 1, 4500),
(558, '2018-08-03', 1, 4500),
(559, '2018-08-03', 1, 3500),
(560, '2018-08-03', 1, 4500),
(561, '2018-08-03', 1, 7000),
(562, '2018-08-03', 1, 7000),
(563, '2018-08-03', 1, 4500),
(564, '2018-08-03', 1, 3500),
(565, '2018-08-03', 1, 4500),
(566, '2018-08-03', 1, 4500),
(567, '2018-08-03', 1, 4500),
(568, '2018-08-03', 1, 3500),
(569, '2018-08-03', 1, 3500),
(570, '2018-08-03', 1, 4500),
(571, '2018-08-03', 1, 5500),
(572, '2018-08-03', 1, 4500),
(573, '2018-08-03', 1, 4500),
(574, '2018-08-03', 1, 5500),
(575, '2018-08-03', 0, 3500),
(576, '2018-08-03', 1, 3500),
(577, '2018-08-03', 1, 4500),
(578, '2018-08-03', 1, 4500),
(579, '2018-08-03', 0, 3500),
(580, '2018-08-03', 1, 3500),
(581, '2018-08-03', 1, 9000),
(582, '2018-08-03', 1, 4500),
(583, '2018-08-03', 1, 4500),
(584, '2018-08-03', 1, 3500),
(585, '2018-08-04', 1, 3500),
(586, '2018-08-04', 1, 7000),
(587, '2018-08-04', 1, 3500),
(588, '2018-08-04', 1, 3500),
(589, '2018-08-04', 1, 3500),
(590, '2018-08-04', 1, 3500),
(591, '2018-08-04', 1, 10000),
(592, '2018-08-04', 1, 3500),
(593, '2018-08-04', 1, 5500),
(594, '2018-08-04', 0, 4500),
(595, '2018-08-04', 0, 4500),
(596, '2018-08-04', 0, 9000),
(597, '2018-08-04', 0, 4500),
(598, '2018-08-04', 0, 9000),
(599, '2018-08-05', 1, 4500),
(600, '2018-08-05', 1, 4500),
(601, '2018-08-05', 1, 3500),
(602, '2018-08-05', 1, 3500),
(603, '2018-08-05', 1, 4500),
(604, '2018-08-05', 1, 4500),
(605, '2018-08-05', 1, 5500),
(606, '2018-08-05', 1, 4500),
(607, '2018-08-05', 1, 9000),
(608, '2018-08-05', 1, 7000),
(609, '2018-08-05', 1, 10500),
(610, '2018-08-05', 1, 7000),
(611, '2018-08-05', 1, 11000),
(612, '2018-08-05', 1, 3500),
(613, '2018-08-05', 0, 7000),
(614, '2018-08-05', 1, 3500),
(615, '2018-08-05', 1, 8000),
(616, '2018-08-05', 0, 8000),
(617, '2018-08-05', 1, 3500),
(618, '2018-08-05', 1, 3500),
(619, '2018-08-05', 1, 8000),
(620, '2018-08-05', 1, 4500),
(621, '2018-08-05', 1, 3500),
(622, '2018-08-05', 1, 13500),
(623, '2018-08-05', 1, 7000),
(624, '2018-08-05', 1, 4500),
(625, '2018-08-05', 1, 3500),
(626, '2018-08-05', 1, 5500),
(627, '2018-08-05', 1, 16000),
(628, '2018-08-05', 1, 8000),
(629, '2018-08-05', 1, 4500),
(630, '2018-08-05', 1, 3500),
(631, '2018-08-05', 1, 5500),
(632, '2018-08-05', 1, 3500),
(633, '2018-08-05', 1, 4500),
(634, '2018-08-05', 1, 8000),
(635, '2018-08-05', 1, 7000),
(636, '2018-08-05', 1, 3500),
(637, '2018-08-05', 1, 4500),
(638, '2018-08-05', 1, 8000),
(639, '2018-08-05', 1, 7000),
(640, '2018-08-05', 1, 10500),
(641, '2018-08-05', 1, 5500),
(642, '2018-08-05', 1, 5500),
(643, '2018-08-05', 1, 3500),
(644, '2018-08-05', 1, 10500),
(645, '2018-08-05', 1, 3500),
(646, '2018-08-05', 1, 11500),
(647, '2018-08-05', 1, 4500),
(648, '2018-08-05', 1, 9000),
(649, '2018-08-05', 1, 3500),
(650, '2018-08-05', 1, 10500),
(651, '2018-08-05', 1, 4500),
(652, '2018-08-05', 1, 3500),
(653, '2018-08-05', 1, 3500),
(654, '2018-08-05', 1, 10500),
(655, '2018-08-05', 1, 4500),
(656, '2018-08-05', 1, 4500),
(657, '2018-08-05', 1, 4500),
(658, '2018-08-05', 1, 11500),
(659, '2018-08-05', 1, 4500),
(660, '2018-08-05', 1, 4500),
(661, '2018-08-05', 1, 5500),
(662, '2018-08-05', 1, 3500),
(663, '2018-08-05', 1, 3500),
(664, '2018-08-05', 1, 3500),
(665, '2018-08-05', 1, 4500),
(666, '2018-08-05', 1, 4500),
(667, '2018-08-05', 1, 14500),
(668, '2018-08-06', 1, 3500),
(669, '2018-08-06', 1, 4500),
(670, '2018-08-06', 1, 3500),
(671, '2018-08-06', 1, 3500),
(672, '2018-08-06', 1, 4500),
(673, '2018-08-06', 1, 8000),
(674, '2018-08-06', 1, 4500),
(675, '2018-08-06', 1, 14000),
(676, '2018-08-06', 1, 17000),
(677, '2018-08-06', 1, 5500),
(678, '2018-08-06', 1, 3500),
(679, '2018-08-06', 1, 3500),
(680, '2018-08-06', 1, 8000),
(681, '2018-08-06', 1, 8000),
(682, '2018-08-06', 1, 3500),
(683, '2018-08-06', 1, 3500),
(684, '2018-08-06', 1, 3500),
(685, '2018-08-06', 1, 4500),
(686, '2018-08-06', 1, 3500),
(687, '2018-08-06', 1, 9000),
(688, '2018-08-06', 1, 4500),
(689, '2018-08-06', 1, 3500),
(690, '2018-08-06', 1, 4500),
(691, '2018-08-06', 1, 4500),
(692, '2018-08-06', 1, 3500),
(693, '2018-08-06', 1, 3500),
(694, '2018-08-06', 1, 3500),
(695, '2018-08-06', 1, 3500),
(696, '2018-08-06', 1, 3500),
(697, '2018-08-06', 1, 3500),
(698, '2018-08-06', 1, 6500),
(699, '2018-08-06', 1, 7000),
(700, '2018-08-06', 1, 4500),
(701, '2018-08-06', 1, 3500),
(702, '2018-08-06', 1, 4500),
(703, '2018-08-06', 1, 3500),
(704, '2018-08-06', 1, 3500),
(705, '2018-08-06', 1, 3500),
(706, '2018-08-06', 1, 11000),
(707, '2018-08-07', 1, 9000),
(708, '2018-08-07', 1, 4500),
(709, '2018-08-07', 1, 7000),
(710, '2018-08-07', 1, 7000),
(711, '2018-08-07', 1, 10500),
(712, '2018-08-07', 0, 4500),
(713, '2018-08-07', 1, 3500),
(714, '2018-08-07', 1, 3500),
(715, '2018-08-07', 1, 4500),
(716, '2018-08-07', 1, 7000),
(717, '2018-08-07', 1, 3500),
(718, '2018-08-07', 1, 4500),
(719, '2018-08-07', 1, 10500),
(720, '2018-08-07', 1, 6500),
(721, '2018-08-07', 1, 6500),
(722, '2018-08-07', 1, 3500),
(723, '2018-08-07', 1, 6500),
(724, '2018-08-07', 1, 5500),
(725, '2018-08-07', 1, 4500),
(726, '2018-08-07', 1, 7000),
(727, '2018-08-07', 1, 3500),
(728, '2018-08-07', 1, 3500),
(729, '2018-08-07', 1, 4500),
(730, '2018-08-07', 1, 4500),
(731, '2018-08-07', 1, 3500),
(732, '2018-08-07', 1, 3500),
(733, '2018-08-07', 1, 10500),
(734, '2018-08-07', 1, 3500),
(735, '2018-08-07', 1, 17500),
(736, '2018-08-07', 1, 3500),
(737, '2018-08-07', 1, 18000),
(738, '2018-08-07', 1, 4500),
(739, '2018-08-07', 1, 3500),
(740, '2018-08-07', 1, 4500),
(741, '2018-08-07', 1, 7000),
(742, '2018-08-08', 1, 5500),
(743, '2018-08-08', 0, 4500),
(744, '2018-08-08', 1, 3500),
(745, '2018-08-08', 1, 4500),
(746, '2018-08-08', 1, 3500),
(747, '2018-08-08', 1, 3500),
(748, '2018-08-08', 1, 4500),
(749, '2018-08-08', 1, 3500),
(750, '2018-08-08', 1, 7000),
(751, '2018-08-08', 1, 7000),
(752, '2018-08-08', 1, 4500),
(753, '2018-08-08', 1, 3500),
(754, '2018-08-08', 1, 10500),
(755, '2018-08-08', 1, 9000),
(756, '2018-08-08', 1, 4500),
(757, '2018-08-08', 1, 3500),
(758, '2018-08-08', 1, 4500),
(759, '2018-08-08', 1, 3500),
(760, '2018-08-08', 1, 3500),
(761, '2018-08-08', 1, 4500),
(762, '2018-08-08', 1, 9000),
(763, '2018-08-08', 1, 5500),
(764, '2018-08-08', 1, 8000),
(765, '2018-08-08', 1, 3500),
(766, '2018-08-08', 1, 11000),
(767, '2018-08-08', 1, 5500),
(768, '2018-08-08', 1, 3500),
(769, '2018-08-08', 1, 4500),
(770, '2018-08-08', 1, 3500),
(771, '2018-08-08', 1, 4500),
(772, '2018-08-08', 1, 3500),
(773, '2018-08-08', 1, 3500),
(774, '2020-04-27', 0, 11000);

-- --------------------------------------------------------

--
-- Estructura de tabla para la tabla `sabor`
--

CREATE TABLE `sabor` (
  `id` int(11) NOT NULL,
  `descripcion` varchar(100) NOT NULL,
  `activo` int(1) NOT NULL
) ENGINE=InnoDB DEFAULT CHARSET=latin1;

--
-- Volcado de datos para la tabla `sabor`
--

INSERT INTO `sabor` (`id`, `descripcion`, `activo`) VALUES
(1, 'Proteína', 0),
(2, 'Fresa', 0),
(3, 'Coco loco', 1),
(4, 'Frutos rojos', 1),
(5, 'Maracuyá', 1),
(6, 'Vainilla Queso', 1),
(7, 'Chicle', 1),
(8, 'Arequipe', 1),
(9, 'Oreo', 1),
(10, 'Ron con pasas', 1),
(11, 'Tradicional', 1),
(12, 'Milo', 1);

-- --------------------------------------------------------

--
-- Estructura de tabla para la tabla `sabor_pedido`
--

CREATE TABLE `sabor_pedido` (
  `id` int(11) NOT NULL,
  `vaso` int(1) NOT NULL,
  `sabor` int(2) NOT NULL
) ENGINE=InnoDB DEFAULT CHARSET=latin1;

--
-- Volcado de datos para la tabla `sabor_pedido`
--

INSERT INTO `sabor_pedido` (`id`, `vaso`, `sabor`) VALUES
(1, 12, 10),
(2, 13, 7),
(3, 14, 10),
(4, 15, 7),
(5, 16, 10),
(6, 17, 7),
(7, 18, 10),
(8, 19, 7),
(9, 20, 10),
(10, 21, 7),
(11, 22, 10),
(12, 23, 7),
(13, 24, 1),
(14, 25, 12),
(15, 26, 1),
(16, 27, 7),
(17, 28, 3),
(18, 29, 1),
(19, 30, 3),
(20, 31, 1),
(21, 32, 10),
(22, 33, 10),
(23, 34, 11),
(24, 35, 12),
(25, 36, 11),
(26, 37, 11),
(27, 38, 12),
(28, 39, 11),
(29, 40, 10),
(30, 41, 12),
(31, 42, 12),
(32, 43, 8),
(33, 44, 12),
(34, 45, 6),
(35, 46, 10),
(36, 47, 1),
(37, 48, 1),
(38, 49, 5),
(39, 50, 12),
(40, 51, 1),
(41, 52, 1),
(42, 53, 9),
(43, 54, 1),
(44, 55, 9),
(45, 56, 9),
(46, 57, 7),
(47, 58, 8),
(48, 59, 1),
(49, 60, 9),
(50, 61, 9),
(51, 62, 7),
(52, 63, 8),
(53, 64, 7),
(54, 65, 1),
(55, 66, 9),
(56, 67, 9),
(57, 68, 7),
(58, 69, 8),
(59, 70, 7),
(60, 71, 1),
(61, 72, 12),
(62, 73, 10),
(63, 74, 10),
(64, 75, 2),
(65, 76, 10),
(66, 77, 2),
(67, 78, 4),
(68, 79, 2),
(69, 80, 12),
(70, 81, 7),
(71, 82, 12),
(72, 83, 12),
(73, 84, 5),
(74, 85, 2),
(75, 86, 1),
(76, 87, 2),
(77, 88, 2),
(78, 89, 2),
(79, 90, 4),
(80, 91, 12),
(81, 92, 1),
(82, 93, 7),
(83, 94, 9),
(84, 95, 10),
(85, 96, 1),
(86, 97, 7),
(87, 98, 9),
(88, 99, 10),
(89, 100, 12),
(90, 101, 7),
(91, 102, 9),
(92, 103, 10),
(93, 104, 8),
(94, 105, 1),
(95, 106, 2),
(96, 107, 12),
(97, 108, 9),
(98, 109, 10),
(99, 110, 10),
(100, 111, 12),
(101, 112, 8),
(102, 113, 1),
(103, 114, 7),
(104, 115, 8),
(105, 116, 10),
(106, 117, 7),
(107, 118, 1),
(108, 119, 1),
(109, 120, 11),
(110, 121, 8),
(111, 122, 12),
(112, 123, 4),
(113, 124, 2),
(114, 125, 4),
(115, 126, 12),
(116, 127, 3),
(117, 128, 8),
(118, 129, 4),
(119, 130, 2),
(120, 131, 3),
(121, 132, 3),
(122, 133, 2),
(123, 134, 1),
(124, 135, 7),
(125, 136, 3),
(126, 137, 4),
(127, 138, 10),
(128, 139, 2),
(129, 140, 1),
(130, 141, 7),
(131, 142, 3),
(132, 143, 4),
(133, 144, 9),
(134, 145, 8),
(135, 146, 9),
(136, 147, 11),
(137, 148, 9),
(138, 149, 8),
(139, 150, 9),
(140, 151, 10),
(141, 152, 11),
(142, 153, 11),
(143, 154, 1),
(144, 155, 10),
(145, 156, 9),
(146, 157, 10),
(147, 158, 10),
(148, 159, 10),
(149, 160, 9),
(150, 161, 10),
(151, 162, 10),
(152, 163, 11),
(153, 164, 1),
(154, 165, 10),
(155, 166, 10),
(156, 167, 9),
(157, 168, 3),
(158, 169, 11),
(159, 170, 12),
(160, 171, 8),
(161, 172, 11),
(162, 173, 9),
(163, 174, 10),
(164, 175, 10),
(165, 176, 8),
(166, 177, 10),
(167, 178, 10),
(168, 179, 8),
(169, 180, 10),
(170, 181, 10),
(171, 182, 11),
(172, 183, 8),
(173, 184, 8),
(174, 185, 8),
(175, 186, 9),
(176, 187, 8),
(177, 188, 5),
(178, 189, 8),
(179, 190, 7),
(180, 191, 0),
(181, 192, 0),
(182, 193, 0),
(183, 194, 10),
(184, 195, 10),
(185, 196, 11),
(186, 197, 10),
(187, 198, 8),
(188, 199, 0),
(189, 200, 0),
(190, 201, 0),
(191, 202, 12),
(192, 203, 11),
(193, 204, 7),
(194, 205, 0),
(195, 206, 0),
(196, 207, 0),
(197, 208, 10),
(198, 209, 0),
(199, 210, 0),
(200, 211, 0),
(201, 212, 10),
(202, 213, 10),
(203, 214, 10),
(204, 215, 10),
(205, 216, 9),
(206, 217, 10),
(207, 218, 10),
(208, 219, 6),
(209, 220, 11),
(210, 221, 10),
(211, 222, 9),
(212, 223, 10),
(213, 224, 9),
(214, 225, 9),
(215, 226, 2),
(216, 227, 11),
(217, 228, 11),
(218, 229, 12),
(219, 230, 5),
(220, 231, 5),
(221, 232, 5),
(222, 233, 11),
(223, 234, 11),
(224, 235, 12),
(225, 236, 11),
(226, 237, 3),
(227, 238, 9),
(228, 239, 11),
(229, 240, 6),
(230, 241, 6),
(231, 242, 6),
(232, 243, 9),
(233, 244, 8),
(234, 245, 11),
(235, 246, 10),
(236, 247, 10),
(237, 248, 5),
(238, 249, 10),
(239, 250, 8),
(240, 251, 7),
(241, 252, 5),
(242, 253, 8),
(243, 254, 8),
(244, 255, 8),
(245, 256, 6),
(246, 257, 8),
(247, 258, 8),
(248, 259, 10),
(249, 260, 5),
(250, 261, 6),
(251, 262, 9),
(252, 263, 3),
(253, 264, 5),
(254, 265, 9),
(255, 266, 8),
(256, 267, 8),
(257, 268, 6),
(258, 269, 8),
(259, 270, 10),
(260, 271, 8),
(261, 272, 5),
(262, 273, 8),
(263, 274, 8),
(264, 275, 8),
(265, 276, 5),
(266, 277, 6),
(267, 278, 4),
(268, 279, 6),
(269, 280, 9),
(270, 281, 6),
(271, 282, 9),
(272, 283, 6),
(273, 284, 5),
(274, 285, 6),
(275, 286, 10),
(276, 287, 8),
(277, 288, 5),
(278, 289, 10),
(279, 290, 8),
(280, 291, 3),
(281, 292, 8),
(282, 293, 5),
(283, 294, 8),
(284, 295, 9),
(285, 296, 8),
(286, 297, 7),
(287, 298, 7),
(288, 299, 7),
(289, 300, 10),
(290, 301, 8),
(291, 302, 12),
(292, 303, 9),
(293, 304, 8),
(294, 305, 10),
(295, 306, 10),
(296, 307, 9),
(297, 308, 10),
(298, 309, 11),
(299, 310, 4),
(300, 311, 9),
(301, 312, 9),
(302, 313, 12),
(303, 314, 9),
(304, 315, 9),
(305, 316, 9),
(306, 317, 8),
(307, 318, 9),
(308, 319, 11),
(309, 320, 8),
(310, 321, 5),
(311, 322, 4),
(312, 323, 4),
(313, 324, 5),
(314, 325, 9),
(315, 326, 8),
(316, 327, 11),
(317, 328, 9),
(318, 329, 8),
(319, 330, 5),
(320, 331, 9),
(321, 332, 5),
(322, 333, 4),
(323, 334, 8),
(324, 335, 4),
(325, 336, 9),
(326, 337, 12),
(327, 338, 11),
(328, 339, 5),
(329, 340, 11),
(330, 341, 8),
(331, 342, 8),
(332, 343, 11),
(333, 344, 8),
(334, 345, 10),
(335, 346, 11),
(336, 347, 5),
(337, 348, 5),
(338, 349, 11),
(339, 350, 10),
(340, 351, 8),
(341, 352, 12),
(342, 353, 8),
(343, 354, 12),
(344, 355, 9),
(345, 356, 3),
(346, 357, 3),
(347, 358, 9),
(348, 359, 10),
(349, 360, 8),
(350, 361, 11),
(351, 362, 10),
(352, 363, 12),
(353, 364, 4),
(354, 365, 3),
(355, 366, 6),
(356, 367, 11),
(357, 368, 10),
(358, 369, 10),
(359, 370, 5),
(360, 371, 6),
(361, 372, 10),
(362, 373, 10),
(363, 374, 7),
(364, 375, 7),
(365, 376, 6),
(366, 377, 6),
(367, 378, 9),
(368, 379, 3),
(369, 380, 12),
(370, 381, 8),
(371, 382, 11),
(372, 383, 7),
(373, 384, 7),
(374, 385, 3),
(375, 386, 12),
(376, 387, 10),
(377, 388, 5),
(378, 389, 12),
(379, 390, 4),
(380, 391, 6),
(381, 392, 3),
(382, 393, 11),
(383, 394, 4),
(384, 395, 5),
(385, 396, 7),
(386, 397, 11),
(387, 398, 9),
(388, 399, 8),
(389, 400, 5),
(390, 401, 9),
(391, 402, 5),
(392, 403, 10),
(393, 404, 10),
(394, 405, 9),
(395, 406, 11),
(396, 407, 4),
(397, 408, 5),
(398, 409, 11),
(399, 410, 5),
(400, 411, 4),
(401, 412, 6),
(402, 413, 5),
(403, 414, 8),
(404, 415, 12),
(405, 416, 8),
(406, 417, 8),
(407, 418, 5),
(408, 419, 6),
(409, 420, 5),
(410, 421, 7),
(411, 422, 11),
(412, 423, 11),
(413, 424, 6),
(414, 425, 5),
(415, 426, 12),
(416, 427, 5),
(417, 428, 11),
(418, 429, 6),
(419, 430, 10),
(420, 431, 10),
(421, 432, 9),
(422, 433, 10),
(423, 434, 8),
(424, 435, 12),
(425, 436, 8),
(426, 437, 8),
(427, 438, 7),
(428, 439, 11),
(429, 440, 9),
(430, 441, 11),
(431, 442, 11),
(432, 443, 12),
(433, 444, 8),
(434, 445, 12),
(435, 446, 8),
(436, 447, 7),
(437, 448, 10),
(438, 449, 10),
(439, 450, 11),
(440, 451, 8),
(441, 452, 5),
(442, 453, 12),
(443, 454, 8),
(444, 455, 11),
(445, 456, 11),
(446, 457, 8),
(447, 458, 8),
(448, 459, 7),
(449, 460, 11),
(450, 461, 8),
(451, 462, 8),
(452, 463, 8),
(453, 464, 8),
(454, 465, 12),
(455, 466, 8),
(456, 467, 9),
(457, 468, 11),
(458, 469, 8),
(459, 470, 7),
(460, 471, 10),
(461, 472, 10),
(462, 473, 11),
(463, 474, 11),
(464, 475, 11),
(465, 476, 11),
(466, 477, 12),
(467, 478, 11),
(468, 479, 7),
(469, 480, 12),
(470, 481, 11),
(471, 482, 6),
(472, 483, 5),
(473, 484, 12),
(474, 485, 4),
(475, 486, 8),
(476, 487, 8),
(477, 488, 4),
(478, 489, 3),
(479, 490, 11),
(480, 491, 4),
(481, 492, 8),
(482, 493, 4),
(483, 494, 8),
(484, 495, 8),
(485, 496, 4),
(486, 497, 6),
(487, 498, 3),
(488, 499, 8),
(489, 500, 11),
(490, 501, 11),
(491, 502, 4),
(492, 503, 7),
(493, 504, 5),
(494, 505, 4),
(495, 506, 11),
(496, 507, 5),
(497, 508, 5),
(498, 509, 11),
(499, 510, 11),
(500, 511, 11),
(501, 512, 5),
(502, 513, 12),
(503, 514, 8),
(504, 515, 5),
(505, 516, 5),
(506, 517, 6),
(507, 518, 11),
(508, 519, 3),
(509, 520, 3),
(510, 521, 12),
(511, 522, 11),
(512, 523, 11),
(513, 524, 12),
(514, 525, 4),
(515, 526, 3),
(516, 527, 6),
(517, 528, 12),
(518, 529, 6),
(519, 530, 12),
(520, 531, 3),
(521, 532, 12),
(522, 533, 3),
(523, 534, 4),
(524, 535, 12),
(525, 536, 12),
(526, 537, 8),
(527, 538, 11),
(528, 539, 8),
(529, 540, 4),
(530, 541, 9),
(531, 542, 10),
(532, 543, 9),
(533, 544, 4),
(534, 545, 4),
(535, 546, 11),
(536, 547, 11),
(537, 548, 11),
(538, 549, 8),
(539, 550, 8),
(540, 551, 4),
(541, 552, 5),
(542, 553, 5),
(543, 554, 3),
(544, 555, 8),
(545, 556, 5),
(546, 557, 5),
(547, 558, 8),
(548, 559, 11),
(549, 560, 3),
(550, 561, 10),
(551, 562, 11),
(552, 563, 8),
(553, 564, 11),
(554, 565, 8),
(555, 566, 7),
(556, 567, 4),
(557, 568, 4),
(558, 569, 10),
(559, 570, 10),
(560, 571, 8),
(561, 572, 10),
(562, 573, 11),
(563, 574, 12),
(564, 575, 10),
(565, 576, 9),
(566, 577, 9),
(567, 578, 12),
(568, 579, 10),
(569, 580, 11),
(570, 581, 10),
(571, 582, 10),
(572, 583, 12),
(573, 584, 12),
(574, 585, 10),
(575, 586, 12),
(576, 587, 10),
(577, 588, 12),
(578, 589, 11),
(579, 590, 12),
(580, 591, 9),
(581, 592, 11),
(582, 593, 11),
(583, 594, 11),
(584, 595, 11),
(585, 596, 11),
(586, 597, 11),
(587, 598, 10),
(588, 599, 8),
(589, 600, 12),
(590, 601, 4),
(591, 602, 4),
(592, 603, 5),
(593, 604, 11),
(594, 605, 7),
(595, 606, 4),
(596, 607, 6),
(597, 608, 10),
(598, 609, 5),
(599, 610, 3),
(600, 611, 8),
(601, 612, 9),
(602, 613, 11),
(603, 614, 6),
(604, 615, 5),
(605, 616, 8),
(606, 617, 12),
(607, 618, 11),
(608, 619, 12),
(609, 620, 9),
(610, 621, 8),
(611, 622, 8),
(612, 623, 7),
(613, 624, 10),
(614, 625, 6),
(615, 626, 6),
(616, 627, 6),
(617, 628, 12),
(618, 629, 12),
(619, 630, 12),
(620, 631, 8),
(621, 632, 3),
(622, 633, 9),
(623, 634, 7),
(624, 635, 10),
(625, 636, 10),
(626, 637, 5),
(627, 638, 9),
(628, 639, 8),
(629, 640, 5),
(630, 641, 11),
(631, 642, 8),
(632, 643, 10),
(633, 644, 11),
(634, 645, 8),
(635, 646, 8),
(636, 647, 8),
(637, 648, 7),
(638, 649, 9),
(639, 650, 11),
(640, 651, 11),
(641, 652, 11),
(642, 653, 11),
(643, 654, 11),
(644, 655, 7),
(645, 656, 10),
(646, 657, 11),
(647, 658, 7),
(648, 659, 7),
(649, 660, 10),
(650, 661, 12),
(651, 662, 9),
(652, 663, 9),
(653, 664, 8),
(654, 665, 8),
(655, 666, 8),
(656, 667, 10),
(657, 668, 10),
(658, 669, 7),
(659, 670, 4),
(660, 671, 12),
(661, 672, 5),
(662, 673, 9),
(663, 674, 11),
(664, 675, 4),
(665, 676, 10),
(666, 677, 5),
(667, 678, 9),
(668, 679, 9),
(669, 680, 11),
(670, 681, 9),
(671, 682, 9),
(672, 683, 9),
(673, 684, 8),
(674, 685, 8),
(675, 686, 6),
(676, 687, 12),
(677, 688, 12),
(678, 689, 6),
(679, 690, 12),
(680, 691, 8),
(681, 692, 12),
(682, 693, 11),
(683, 694, 7),
(684, 695, 7),
(685, 696, 12),
(686, 697, 6),
(687, 698, 8),
(688, 699, 8),
(689, 700, 11),
(690, 701, 3),
(691, 702, 11),
(692, 703, 11),
(693, 704, 11),
(694, 705, 8),
(695, 706, 8),
(696, 707, 3),
(697, 708, 8),
(698, 709, 6),
(699, 710, 11),
(700, 711, 9),
(701, 712, 10),
(702, 713, 9),
(703, 714, 3),
(704, 715, 12),
(705, 716, 7),
(706, 717, 12),
(707, 718, 12),
(708, 719, 5),
(709, 720, 6),
(710, 721, 11),
(711, 722, 9),
(712, 723, 11),
(713, 724, 5),
(714, 725, 6),
(715, 726, 5),
(716, 727, 6),
(717, 728, 6),
(718, 729, 10),
(719, 730, 9),
(720, 731, 3),
(721, 732, 6),
(722, 733, 12),
(723, 734, 8),
(724, 735, 3),
(725, 736, 9),
(726, 737, 8),
(727, 738, 8),
(728, 739, 3),
(729, 740, 11),
(730, 741, 11),
(731, 742, 4),
(732, 743, 3),
(733, 744, 8),
(734, 745, 8),
(735, 746, 10),
(736, 747, 11),
(737, 748, 10),
(738, 749, 7),
(739, 750, 9),
(740, 751, 9),
(741, 752, 8),
(742, 753, 8),
(743, 754, 8),
(744, 755, 12),
(745, 756, 10),
(746, 757, 10),
(747, 758, 11),
(748, 759, 11),
(749, 760, 8),
(750, 761, 8),
(751, 762, 12),
(752, 763, 8),
(753, 764, 5),
(754, 765, 4),
(755, 766, 11),
(756, 767, 4),
(757, 768, 7),
(758, 769, 9),
(759, 770, 12),
(760, 771, 5),
(761, 772, 7),
(762, 773, 12),
(763, 774, 8),
(764, 775, 8),
(765, 776, 9),
(766, 777, 9),
(767, 778, 8),
(768, 779, 12),
(769, 780, 9),
(770, 781, 5),
(771, 782, 9),
(772, 783, 11),
(773, 784, 11),
(774, 785, 8),
(775, 786, 4),
(776, 787, 6),
(777, 788, 8),
(778, 789, 11),
(779, 790, 10),
(780, 791, 11),
(781, 792, 11),
(782, 793, 8),
(783, 794, 6),
(784, 795, 4),
(785, 796, 12),
(786, 797, 7),
(787, 798, 4),
(788, 799, 11),
(789, 800, 11),
(790, 801, 11),
(791, 802, 9),
(792, 803, 9),
(793, 804, 11),
(794, 805, 11),
(795, 806, 11),
(796, 807, 11),
(797, 808, 11),
(798, 809, 11),
(799, 810, 11),
(800, 811, 8),
(801, 812, 11),
(802, 813, 6),
(803, 814, 11),
(804, 815, 11),
(805, 816, 8),
(806, 817, 8),
(807, 818, 11),
(808, 819, 10),
(809, 820, 11),
(810, 821, 11),
(811, 822, 12),
(812, 823, 4),
(813, 824, 10),
(814, 825, 3),
(815, 826, 5),
(816, 827, 8),
(817, 828, 9),
(818, 829, 8),
(819, 830, 8),
(820, 831, 10),
(821, 832, 12),
(822, 833, 5),
(823, 834, 5),
(824, 835, 8),
(825, 836, 12),
(826, 837, 3),
(827, 838, 11),
(828, 839, 8),
(829, 840, 10),
(830, 841, 4),
(831, 842, 8),
(832, 843, 6),
(833, 844, 4),
(834, 845, 8),
(835, 846, 10),
(836, 847, 7),
(837, 848, 7),
(838, 849, 12),
(839, 850, 8),
(840, 851, 8),
(841, 852, 6),
(842, 853, 7),
(843, 854, 7),
(844, 855, 11),
(845, 856, 8),
(846, 857, 12),
(847, 858, 11),
(848, 859, 11),
(849, 860, 11),
(850, 861, 4),
(851, 862, 12),
(852, 863, 12),
(853, 864, 11),
(854, 865, 11),
(855, 866, 9),
(856, 867, 12),
(857, 868, 11),
(858, 869, 9),
(859, 870, 3),
(860, 871, 7),
(861, 872, 11),
(862, 873, 5),
(863, 874, 8),
(864, 875, 10),
(865, 876, 12),
(866, 877, 5),
(867, 878, 7),
(868, 879, 5),
(869, 880, 5),
(870, 881, 7),
(871, 882, 12),
(872, 883, 5),
(873, 884, 5),
(874, 885, 7),
(875, 886, 11),
(876, 887, 4),
(877, 888, 10),
(878, 889, 11),
(879, 890, 11),
(880, 891, 12),
(881, 892, 11),
(882, 893, 5),
(883, 894, 5),
(884, 895, 5),
(885, 896, 11),
(886, 897, 11),
(887, 898, 12),
(888, 899, 6),
(889, 900, 5),
(890, 901, 11),
(891, 902, 12),
(892, 903, 4),
(893, 904, 12),
(894, 905, 11),
(895, 906, 6),
(896, 907, 11),
(897, 908, 8),
(898, 909, 8),
(899, 910, 8),
(900, 911, 6),
(901, 912, 4),
(902, 913, 11),
(903, 914, 12),
(904, 915, 11),
(905, 916, 12),
(906, 917, 11),
(907, 918, 11),
(908, 919, 11),
(909, 920, 11),
(910, 921, 11),
(911, 922, 4),
(912, 923, 8),
(913, 924, 3),
(914, 925, 11),
(915, 926, 6),
(916, 927, 11),
(917, 928, 5),
(918, 929, 11),
(919, 930, 8),
(920, 931, 8),
(921, 932, 5),
(922, 933, 11),
(923, 934, 5),
(924, 935, 12),
(925, 936, 7),
(926, 937, 7),
(927, 938, 4),
(928, 939, 12),
(929, 940, 6),
(930, 941, 11),
(931, 942, 6),
(932, 943, 10),
(933, 944, 11),
(934, 945, 12),
(935, 946, 12),
(936, 947, 10),
(937, 948, 12),
(938, 949, 11),
(939, 950, 11),
(940, 951, 8),
(941, 952, 10),
(942, 953, 3),
(943, 954, 11),
(944, 955, 8),
(945, 956, 12),
(946, 957, 12),
(947, 958, 8),
(948, 959, 11),
(949, 960, 8),
(950, 961, 4),
(951, 962, 5),
(952, 963, 9),
(953, 964, 6),
(954, 965, 11),
(955, 966, 8),
(956, 967, 8),
(957, 968, 8),
(958, 969, 12),
(959, 970, 11),
(960, 971, 6),
(961, 972, 11),
(962, 973, 10),
(963, 974, 8),
(964, 975, 9),
(965, 976, 3),
(966, 977, 10),
(967, 978, 3),
(968, 979, 12),
(969, 980, 11),
(970, 981, 8),
(971, 982, 6),
(972, 983, 10),
(973, 984, 11),
(974, 985, 12),
(975, 986, 7),
(976, 987, 9),
(977, 988, 6),
(978, 989, 11),
(979, 990, 12),
(980, 991, 11),
(981, 992, 12),
(982, 993, 11),
(983, 994, 9),
(984, 995, 11),
(985, 996, 11),
(986, 997, 11),
(987, 998, 11),
(988, 999, 4),
(989, 1000, 4),
(990, 1001, 7),
(991, 1002, 7),
(992, 1003, 11),
(993, 1004, 3),
(994, 1005, 7),
(995, 1006, 8),
(996, 1007, 11),
(997, 1008, 11),
(998, 1009, 6),
(999, 1010, 9),
(1000, 1011, 11),
(1001, 1012, 11),
(1002, 1013, 11),
(1003, 1014, 11),
(1004, 1015, 11),
(1005, 1016, 4),
(1006, 1017, 8),
(1007, 1018, 11),
(1008, 1019, 5),
(1009, 1020, 9),
(1010, 1021, 7),
(1011, 1022, 9),
(1012, 1023, 8),
(1013, 1024, 4),
(1014, 1025, 8),
(1015, 1026, 11),
(1016, 1027, 8),
(1017, 1028, 4),
(1018, 1029, 9),
(1019, 1030, 4);

-- --------------------------------------------------------

--
-- Estructura de tabla para la tabla `topping`
--

CREATE TABLE `topping` (
  `id` int(11) NOT NULL,
  `descripcion` varchar(100) NOT NULL,
  `activo` int(1) NOT NULL
) ENGINE=InnoDB DEFAULT CHARSET=latin1;

--
-- Volcado de datos para la tabla `topping`
--

INSERT INTO `topping` (`id`, `descripcion`, `activo`) VALUES
(1, '¡Ninguno!', 1),
(2, 'Chips de chocolate', 1),
(3, 'Mini alfajores', 1),
(4, 'Salsa de arequipe', 1),
(5, 'Mini M & M\'s', 1),
(6, 'Flips', 0),
(7, 'Mini Chokis', 1),
(8, 'Hershey\'s', 1),
(9, 'Pasas', 1),
(10, 'Mini chicles', 1),
(11, 'Oreo', 1),
(12, 'Salsa de mora', 1),
(13, 'Maní', 1),
(14, 'Gomitas', 1),
(15, 'Coco', 1),
(16, 'Salsa de fresa', 0),
(17, 'Leche condensada', 1),
(18, 'Salsa de mora', 1),
(19, 'Salsa de maracuyá', 1),
(20, 'Chips de colores ', 1),
(21, 'Moritas', 1),
(22, 'Salsa de Piña', 1),
(23, 'Mini Chips', 1);

-- --------------------------------------------------------

--
-- Estructura de tabla para la tabla `topping_pedido`
--

CREATE TABLE `topping_pedido` (
  `id` int(11) NOT NULL,
  `vaso` int(1) NOT NULL,
  `topping` int(4) NOT NULL
) ENGINE=InnoDB DEFAULT CHARSET=latin1;

--
-- Volcado de datos para la tabla `topping_pedido`
--

INSERT INTO `topping_pedido` (`id`, `vaso`, `topping`) VALUES
(1, 30, 10),
(2, 30, 13),
(3, 30, 16),
(4, 31, 11),
(5, 31, 14),
(6, 31, 17),
(7, 32, 4),
(8, 32, 7),
(9, 33, 4),
(10, 33, 7),
(11, 34, 7),
(12, 34, 10),
(13, 35, 7),
(14, 35, 10),
(15, 36, 4),
(16, 36, 7),
(17, 37, 3),
(18, 37, 6),
(19, 38, 3),
(20, 38, 6),
(21, 39, 6),
(22, 39, 7),
(23, 40, 4),
(24, 40, 7),
(25, 41, 7),
(26, 41, 10),
(27, 42, 7),
(28, 42, 10),
(29, 43, 4),
(30, 43, 7),
(31, 44, 7),
(32, 44, 10),
(33, 45, 11),
(34, 45, 14),
(35, 46, 4),
(36, 46, 7),
(37, 47, 16),
(38, 48, 16),
(39, 49, 8),
(40, 49, 19),
(41, 50, 10),
(42, 51, 4),
(43, 51, 7),
(44, 52, 4),
(45, 52, 7),
(46, 53, 4),
(47, 53, 7),
(48, 54, 4),
(49, 54, 7),
(50, 55, 4),
(51, 55, 7),
(52, 56, 4),
(53, 56, 7),
(54, 57, 5),
(55, 57, 8),
(56, 58, 4),
(57, 58, 7),
(58, 59, 4),
(59, 59, 7),
(60, 60, 4),
(61, 60, 7),
(62, 61, 4),
(63, 61, 7),
(64, 62, 5),
(65, 62, 8),
(66, 63, 4),
(67, 63, 7),
(68, 64, 6),
(69, 64, 9),
(70, 64, 12),
(71, 65, 4),
(72, 65, 7),
(73, 66, 4),
(74, 66, 7),
(75, 67, 4),
(76, 67, 7),
(77, 68, 5),
(78, 68, 8),
(79, 69, 4),
(80, 69, 7),
(81, 70, 6),
(82, 70, 9),
(83, 70, 12),
(84, 71, 8),
(85, 71, 11),
(86, 72, 7),
(87, 72, 10),
(88, 73, 9),
(89, 74, 9),
(90, 75, 10),
(91, 76, 9),
(92, 77, 10),
(93, 78, 7),
(94, 78, 10),
(95, 79, 10),
(96, 79, 14),
(97, 80, 2),
(98, 80, 4),
(99, 80, 11),
(100, 80, 14),
(101, 80, 17),
(102, 81, 11),
(103, 81, 14),
(104, 82, 5),
(105, 82, 8),
(106, 82, 11),
(107, 82, 14),
(108, 82, 17),
(109, 82, 19),
(110, 83, 11),
(111, 83, 15),
(112, 84, 4),
(113, 84, 6),
(114, 84, 14),
(115, 85, 1),
(116, 86, 9),
(117, 86, 13),
(118, 87, 1),
(119, 88, 10),
(120, 89, 6),
(121, 90, 3),
(122, 91, 1),
(123, 91, 4),
(124, 92, 4),
(125, 92, 7),
(126, 93, 5),
(127, 93, 8),
(128, 94, 6),
(129, 94, 9),
(130, 95, 8),
(131, 96, 10),
(132, 96, 13),
(133, 97, 5),
(134, 97, 8),
(135, 98, 6),
(136, 98, 9),
(137, 99, 8),
(138, 100, 7),
(139, 101, 5),
(140, 101, 8),
(141, 102, 6),
(142, 102, 9),
(143, 103, 8),
(144, 104, 1),
(145, 105, 11),
(146, 105, 12),
(147, 105, 14),
(148, 105, 15),
(149, 106, 7),
(150, 107, 5),
(151, 107, 15),
(152, 107, 17),
(153, 108, 4),
(154, 108, 7),
(155, 109, 7),
(156, 109, 10),
(157, 110, 4),
(158, 110, 7),
(159, 110, 8),
(160, 111, 2),
(161, 112, 4),
(162, 112, 5),
(163, 113, 7),
(164, 113, 10),
(165, 114, 3),
(166, 115, 8),
(167, 115, 11),
(168, 116, 5),
(169, 116, 8),
(170, 117, 7),
(171, 118, 11),
(172, 118, 14),
(173, 119, 7),
(174, 120, 3),
(175, 121, 5),
(176, 121, 8),
(177, 122, 5),
(178, 122, 8),
(179, 123, 8),
(180, 123, 11),
(181, 124, 10),
(182, 124, 11),
(183, 125, 5),
(184, 125, 8),
(185, 125, 11),
(186, 126, 13),
(187, 126, 14),
(188, 127, 17),
(189, 128, 2),
(190, 128, 3),
(191, 128, 4),
(192, 128, 5),
(193, 128, 6),
(194, 128, 7),
(195, 128, 8),
(196, 128, 9),
(197, 128, 10),
(198, 128, 11),
(199, 128, 12),
(200, 128, 13),
(201, 128, 14),
(202, 128, 15),
(203, 128, 16),
(204, 128, 17),
(205, 128, 18),
(206, 128, 19),
(207, 129, 7),
(208, 130, 14),
(209, 131, 16),
(210, 132, 5),
(211, 132, 6),
(212, 132, 7),
(213, 132, 8),
(214, 132, 10),
(215, 132, 11),
(216, 133, 7),
(217, 133, 11),
(218, 134, 8),
(219, 135, 17),
(220, 136, 3),
(221, 136, 6),
(222, 136, 9),
(223, 137, 16),
(224, 138, 14),
(225, 139, 7),
(226, 139, 11),
(227, 140, 8),
(228, 141, 17),
(229, 142, 3),
(230, 142, 6),
(231, 142, 9),
(232, 143, 16),
(233, 144, 5),
(234, 145, 3),
(235, 145, 6),
(236, 146, 5),
(237, 146, 8),
(238, 147, 7),
(239, 147, 10),
(240, 148, 8),
(241, 148, 11),
(242, 149, 11),
(243, 149, 14),
(244, 150, 3),
(245, 150, 6),
(246, 151, 3),
(247, 151, 6),
(248, 152, 5),
(249, 152, 8),
(250, 153, 8),
(251, 153, 11),
(252, 154, 3),
(253, 154, 6),
(254, 155, 5),
(255, 155, 8),
(256, 156, 3),
(257, 156, 6),
(258, 157, 5),
(259, 157, 8),
(260, 158, 5),
(261, 158, 8),
(262, 159, 5),
(263, 159, 8),
(264, 160, 6),
(265, 161, 5),
(266, 162, 5),
(267, 163, 6),
(268, 164, 3),
(269, 165, 6),
(270, 167, 4),
(271, 168, 11),
(272, 168, 14),
(273, 169, 2),
(274, 169, 5),
(275, 170, 4),
(276, 170, 7),
(277, 171, 14),
(278, 171, 17),
(279, 172, 10),
(280, 174, 5),
(281, 174, 8),
(282, 175, 8),
(283, 175, 11),
(284, 175, 12),
(285, 175, 14),
(286, 175, 15),
(287, 176, 14),
(288, 176, 17),
(289, 176, 19),
(290, 177, 4),
(291, 177, 7),
(292, 177, 10),
(293, 179, 14),
(294, 179, 17),
(295, 179, 19),
(296, 180, 4),
(297, 180, 7),
(298, 180, 10),
(299, 181, 8),
(300, 181, 11),
(301, 182, 7),
(302, 182, 10),
(303, 182, 13),
(304, 183, 6),
(305, 183, 8),
(306, 183, 9),
(307, 185, 6),
(308, 185, 8),
(309, 185, 9),
(310, 186, 8),
(311, 186, 11),
(312, 186, 14),
(313, 189, 7),
(314, 189, 10),
(315, 190, 10),
(316, 195, 4),
(317, 196, 7),
(318, 196, 10),
(319, 196, 13),
(320, 197, 8),
(321, 202, 7),
(322, 203, 4),
(323, 204, 8),
(324, 204, 11),
(325, 208, 4),
(326, 208, 7),
(327, 212, 6),
(328, 213, 7),
(329, 214, 7),
(330, 215, 3),
(331, 216, 3),
(332, 217, 4),
(333, 218, 5),
(334, 219, 3),
(335, 221, 3),
(336, 222, 3),
(337, 224, 6),
(338, 225, 5),
(339, 227, 19),
(340, 233, 9),
(341, 234, 6),
(342, 235, 7),
(343, 238, 11),
(344, 243, 3),
(345, 246, 3),
(346, 247, 3),
(347, 249, 18),
(348, 251, 5),
(349, 251, 18),
(350, 252, 9),
(351, 254, 2),
(352, 262, 11),
(353, 263, 9),
(354, 264, 13),
(355, 265, 5),
(356, 270, 16),
(357, 271, 5),
(358, 272, 18),
(359, 275, 9),
(360, 277, 13),
(361, 278, 11),
(362, 288, 13),
(363, 292, 2),
(364, 295, 2),
(365, 295, 11),
(366, 295, 12),
(367, 295, 14),
(368, 295, 15),
(369, 295, 17),
(370, 295, 18),
(371, 295, 19),
(372, 296, 7),
(373, 296, 10),
(374, 296, 13),
(375, 297, 16),
(376, 298, 10),
(377, 298, 11),
(378, 298, 12),
(379, 299, 11),
(380, 299, 14),
(381, 299, 17),
(382, 300, 4),
(383, 301, 10),
(384, 302, 10),
(385, 302, 13),
(386, 303, 5),
(387, 303, 8),
(388, 304, 6),
(389, 305, 2),
(390, 306, 3),
(391, 307, 3),
(392, 308, 3),
(393, 309, 17),
(394, 310, 9),
(395, 311, 19),
(396, 312, 4),
(397, 313, 9),
(398, 314, 4),
(399, 315, 3),
(400, 317, 2),
(401, 318, 2),
(402, 319, 3),
(403, 322, 9),
(404, 323, 9),
(405, 324, 3),
(406, 325, 10),
(407, 327, 14),
(408, 328, 9),
(409, 329, 13),
(410, 330, 2),
(411, 331, 12),
(412, 332, 14),
(413, 332, 19),
(414, 333, 5),
(415, 333, 10),
(416, 334, 5),
(417, 334, 10),
(418, 335, 5),
(419, 335, 10),
(420, 336, 3),
(421, 337, 3),
(422, 338, 3),
(423, 339, 3),
(424, 339, 5),
(425, 341, 3),
(426, 344, 5),
(427, 345, 3),
(428, 349, 3),
(429, 350, 4),
(430, 351, 11),
(431, 354, 4),
(432, 355, 17),
(433, 356, 3),
(434, 357, 3),
(435, 358, 2),
(436, 359, 3),
(437, 360, 3),
(438, 362, 18),
(439, 367, 6),
(440, 369, 3),
(441, 370, 17),
(442, 371, 4),
(443, 374, 14),
(444, 378, 9),
(445, 378, 14),
(446, 381, 9),
(447, 381, 14),
(448, 381, 18),
(449, 381, 19),
(450, 382, 2),
(451, 386, 3),
(452, 387, 14),
(453, 393, 5),
(454, 393, 15),
(455, 396, 6),
(456, 397, 9),
(457, 399, 3),
(458, 404, 3),
(459, 405, 7),
(460, 406, 17),
(461, 408, 17),
(462, 423, 3),
(463, 425, 9),
(464, 426, 2),
(465, 429, 6),
(466, 429, 11),
(467, 429, 16),
(468, 430, 4),
(469, 431, 13),
(470, 432, 8),
(471, 433, 3),
(472, 437, 2),
(473, 439, 3),
(474, 442, 3),
(475, 445, 3),
(476, 446, 3),
(477, 447, 10),
(478, 451, 3),
(479, 453, 17),
(480, 454, 8),
(481, 455, 3),
(482, 457, 3),
(483, 460, 15),
(484, 461, 3),
(485, 462, 3),
(486, 463, 3),
(487, 464, 10),
(488, 465, 3),
(489, 467, 3),
(490, 468, 3),
(491, 469, 8),
(492, 470, 8),
(493, 473, 3),
(494, 476, 3),
(495, 477, 7),
(496, 479, 2),
(497, 479, 4),
(498, 479, 10),
(499, 480, 17),
(500, 483, 2),
(501, 484, 2),
(502, 488, 17),
(503, 490, 9),
(504, 493, 4),
(505, 494, 4),
(506, 495, 8),
(507, 497, 9),
(508, 497, 10),
(509, 498, 7),
(510, 500, 3),
(511, 501, 3),
(512, 502, 3),
(513, 503, 3),
(514, 504, 17),
(515, 507, 13),
(516, 510, 2),
(517, 511, 8),
(518, 512, 11),
(519, 513, 3),
(520, 514, 11),
(521, 515, 11),
(522, 517, 3),
(523, 521, 3),
(524, 521, 11),
(525, 524, 11),
(526, 525, 8),
(527, 526, 2),
(528, 527, 7),
(529, 527, 17),
(530, 532, 14),
(531, 533, 9),
(532, 534, 9),
(533, 534, 15),
(534, 534, 17),
(535, 536, 4),
(536, 536, 17),
(537, 540, 17),
(538, 541, 7),
(539, 542, 2),
(540, 543, 3),
(541, 545, 14),
(542, 546, 15),
(543, 547, 17),
(544, 549, 2),
(545, 550, 3),
(546, 551, 3),
(547, 552, 3),
(548, 554, 14),
(549, 556, 4),
(550, 557, 11),
(551, 558, 3),
(552, 558, 14),
(553, 559, 3),
(554, 560, 15),
(555, 562, 4),
(556, 562, 15),
(557, 562, 17),
(558, 563, 2),
(559, 563, 3),
(560, 564, 4),
(561, 566, 2),
(562, 567, 17),
(563, 568, 3),
(564, 569, 3),
(565, 570, 3),
(566, 572, 3),
(567, 573, 3),
(568, 574, 6),
(569, 575, 3),
(570, 576, 3),
(571, 577, 3),
(572, 579, 3),
(573, 580, 3),
(574, 581, 3),
(575, 582, 2),
(576, 585, 3),
(577, 586, 3),
(578, 587, 2),
(579, 588, 6),
(580, 589, 3),
(581, 590, 9),
(582, 595, 2),
(583, 596, 3),
(584, 601, 3),
(585, 602, 8),
(586, 605, 3),
(587, 608, 3),
(588, 611, 7),
(589, 616, 14),
(590, 618, 6),
(591, 619, 17),
(592, 620, 11),
(593, 621, 17),
(594, 633, 3),
(595, 638, 11),
(596, 638, 13),
(597, 640, 3),
(598, 643, 3),
(599, 644, 3),
(600, 647, 3),
(601, 648, 8),
(602, 660, 3),
(603, 664, 15),
(604, 665, 15),
(605, 667, 14),
(606, 671, 2),
(607, 672, 13),
(608, 673, 7),
(609, 674, 4),
(610, 674, 17),
(611, 677, 3),
(612, 678, 3),
(613, 679, 3),
(614, 679, 14),
(615, 681, 3),
(616, 682, 7),
(617, 683, 13),
(618, 686, 8),
(619, 687, 7),
(620, 688, 3),
(621, 690, 7),
(622, 692, 3),
(623, 696, 17),
(624, 702, 15),
(625, 703, 9),
(626, 704, 3),
(627, 705, 11),
(628, 710, 3),
(629, 711, 11),
(630, 711, 17),
(631, 713, 14),
(632, 717, 2),
(633, 723, 7),
(634, 723, 14),
(635, 726, 3),
(636, 727, 7),
(637, 728, 3),
(638, 732, 3),
(639, 733, 3),
(640, 735, 3),
(641, 740, 14),
(642, 742, 3),
(643, 743, 3),
(644, 744, 9),
(645, 747, 2),
(646, 748, 14),
(647, 749, 11),
(648, 750, 10),
(649, 751, 4),
(650, 754, 7),
(651, 755, 14),
(652, 758, 3),
(653, 759, 3),
(654, 761, 3),
(655, 770, 10),
(656, 771, 14),
(657, 773, 14),
(658, 774, 3),
(659, 775, 3),
(660, 776, 15),
(661, 777, 15),
(662, 778, 4),
(663, 779, 11),
(664, 780, 14),
(665, 781, 4),
(666, 782, 3),
(667, 785, 17),
(668, 786, 9),
(669, 787, 15),
(670, 788, 3),
(671, 789, 9),
(672, 790, 3),
(673, 798, 9),
(674, 798, 14),
(675, 804, 7),
(676, 806, 7),
(677, 811, 9),
(678, 814, 20),
(679, 815, 9),
(680, 816, 3),
(681, 819, 15),
(682, 822, 2),
(683, 822, 4),
(684, 822, 7),
(685, 822, 11),
(686, 823, 11),
(687, 823, 14),
(688, 823, 15),
(689, 825, 9),
(690, 826, 3),
(691, 828, 2),
(692, 832, 14),
(693, 836, 3),
(694, 837, 9),
(695, 844, 22),
(696, 845, 17),
(697, 851, 2),
(698, 854, 10),
(699, 861, 14),
(700, 868, 3),
(701, 871, 2),
(702, 873, 3),
(703, 879, 2),
(704, 880, 2),
(705, 881, 13),
(706, 882, 13),
(707, 883, 8),
(708, 883, 11),
(709, 885, 10),
(710, 888, 2),
(711, 889, 21),
(712, 891, 21),
(713, 896, 3),
(714, 897, 7),
(715, 898, 20),
(716, 900, 3),
(717, 903, 3),
(718, 905, 13),
(719, 910, 20),
(720, 912, 3),
(721, 913, 4),
(722, 914, 8),
(723, 916, 2),
(724, 917, 4),
(725, 924, 3),
(726, 927, 9),
(727, 929, 9),
(728, 933, 8),
(729, 937, 14),
(730, 945, 11),
(731, 948, 10),
(732, 952, 21),
(733, 956, 4),
(734, 957, 17),
(735, 959, 9),
(736, 961, 8),
(737, 966, 2),
(738, 967, 21),
(739, 980, 2),
(740, 981, 9),
(741, 982, 10),
(742, 983, 15),
(743, 984, 9),
(744, 986, 2),
(745, 992, 3),
(746, 995, 13),
(747, 1001, 15),
(748, 1006, 11),
(749, 1007, 14),
(750, 1008, 3),
(751, 1013, 9),
(752, 1016, 23),
(753, 1017, 4),
(754, 1020, 20),
(755, 1021, 8),
(756, 1022, 14),
(757, 1026, 23),
(758, 1029, 8),
(759, 1030, 22);

-- --------------------------------------------------------

--
-- Estructura de tabla para la tabla `usuario`
--

CREATE TABLE `usuario` (
  `id` int(11) NOT NULL,
  `usuario` varchar(100) NOT NULL,
  `password` varchar(100) NOT NULL,
  `tipo` int(1) NOT NULL
) ENGINE=InnoDB DEFAULT CHARSET=latin1;

--
-- Volcado de datos para la tabla `usuario`
--

INSERT INTO `usuario` (`id`, `usuario`, `password`, `tipo`) VALUES
(1, 'cajero1', '123', 0),
(2, 'admin', 'admin', 1);

-- --------------------------------------------------------

--
-- Estructura de tabla para la tabla `vaso_pedido`
--

CREATE TABLE `vaso_pedido` (
  `id` int(11) NOT NULL,
  `pedido` int(1) NOT NULL,
  `vaso` int(2) NOT NULL
) ENGINE=InnoDB DEFAULT CHARSET=latin1;

--
-- Volcado de datos para la tabla `vaso_pedido`
--

INSERT INTO `vaso_pedido` (`id`, `pedido`, `vaso`) VALUES
(1, 8, 1),
(2, 8, 2),
(3, 9, 1),
(4, 9, 2),
(5, 10, 1),
(6, 10, 2),
(7, 11, 1),
(8, 11, 2),
(9, 12, 1),
(10, 13, 1),
(11, 14, 1),
(12, 15, 1),
(13, 15, 2),
(14, 16, 1),
(15, 16, 2),
(16, 17, 1),
(17, 17, 2),
(18, 18, 1),
(19, 18, 2),
(20, 19, 1),
(21, 19, 2),
(22, 20, 1),
(23, 20, 2),
(24, 21, 1),
(25, 21, 3),
(26, 22, 1),
(27, 22, 3),
(28, 23, 1),
(29, 23, 3),
(30, 24, 1),
(31, 24, 3),
(32, 25, 1),
(33, 26, 1),
(34, 27, 1),
(35, 28, 1),
(36, 29, 1),
(37, 30, 1),
(38, 31, 1),
(39, 32, 1),
(40, 33, 1),
(41, 34, 1),
(42, 35, 1),
(43, 35, 2),
(44, 36, 1),
(45, 36, 3),
(46, 37, 1),
(47, 38, 1),
(48, 39, 1),
(49, 39, 3),
(50, 40, 1),
(51, 41, 1),
(52, 42, 1),
(53, 42, 1),
(54, 43, 1),
(55, 43, 1),
(56, 43, 2),
(57, 43, 3),
(58, 43, 3),
(59, 44, 1),
(60, 44, 1),
(61, 44, 2),
(62, 44, 3),
(63, 44, 3),
(64, 44, 3),
(65, 45, 1),
(66, 45, 1),
(67, 45, 2),
(68, 45, 3),
(69, 45, 3),
(70, 45, 3),
(71, 45, 1),
(72, 46, 1),
(73, 47, 1),
(74, 48, 1),
(75, 48, 1),
(76, 49, 1),
(77, 49, 1),
(78, 49, 1),
(79, 50, 1),
(80, 51, 1),
(81, 52, 3),
(82, 53, 1),
(83, 54, 1),
(84, 54, 1),
(85, 54, 3),
(86, 55, 2),
(87, 55, 3),
(88, 56, 2),
(89, 57, 2),
(90, 58, 1),
(91, 59, 1),
(92, 60, 1),
(93, 60, 3),
(94, 60, 3),
(95, 60, 3),
(96, 61, 1),
(97, 61, 3),
(98, 61, 3),
(99, 61, 3),
(100, 62, 1),
(101, 62, 3),
(102, 62, 3),
(103, 62, 3),
(104, 63, 2),
(105, 64, 3),
(106, 65, 1),
(107, 66, 1),
(108, 67, 1),
(109, 68, 1),
(110, 69, 1),
(111, 70, 1),
(112, 71, 3),
(113, 72, 1),
(114, 72, 3),
(115, 73, 3),
(116, 74, 2),
(117, 75, 2),
(118, 76, 2),
(119, 77, 1),
(120, 77, 3),
(121, 78, 2),
(122, 79, 2),
(123, 80, 2),
(124, 81, 1),
(125, 81, 2),
(126, 82, 1),
(127, 83, 1),
(128, 84, 2),
(129, 85, 2),
(130, 86, 2),
(131, 87, 2),
(132, 88, 2),
(133, 88, 1),
(134, 88, 2),
(135, 88, 3),
(136, 88, 2),
(137, 88, 2),
(138, 89, 1),
(139, 89, 1),
(140, 89, 2),
(141, 89, 3),
(142, 89, 2),
(143, 89, 2),
(144, 90, 2),
(145, 91, 3),
(146, 92, 2),
(147, 93, 1),
(148, 94, 2),
(149, 95, 3),
(150, 96, 2),
(151, 97, 2),
(152, 98, 2),
(153, 99, 2),
(154, 100, 2),
(155, 101, 2),
(156, 102, 2),
(157, 103, 2),
(158, 104, 2),
(159, 105, 2),
(160, 106, 3),
(161, 107, 2),
(162, 108, 2),
(163, 109, 2),
(164, 110, 2),
(165, 111, 2),
(166, 112, 1),
(167, 113, 2),
(168, 113, 2),
(169, 114, 1),
(170, 115, 1),
(171, 115, 3),
(172, 116, 1),
(173, 116, 2),
(174, 117, 2),
(175, 118, 2),
(176, 118, 3),
(177, 118, 1),
(178, 119, 1),
(179, 119, 3),
(180, 119, 1),
(181, 120, 2),
(182, 121, 1),
(183, 121, 3),
(184, 122, 3),
(185, 122, 3),
(186, 123, 2),
(187, 124, 3),
(188, 125, 1),
(189, 125, 2),
(190, 125, 3),
(191, 126, 0),
(192, 126, 0),
(193, 126, 0),
(194, 126, 1),
(195, 127, 1),
(196, 128, 1),
(197, 128, 2),
(198, 128, 3),
(199, 130, 0),
(200, 130, 0),
(201, 130, 0),
(202, 130, 1),
(203, 131, 1),
(204, 131, 3),
(205, 132, 0),
(206, 132, 0),
(207, 132, 0),
(208, 132, 1),
(209, 133, 0),
(210, 133, 0),
(211, 133, 0),
(212, 133, 2),
(213, 134, 1),
(214, 135, 1),
(215, 135, 2),
(216, 135, 3),
(217, 136, 1),
(218, 136, 2),
(219, 136, 3),
(220, 137, 1),
(221, 137, 2),
(222, 137, 3),
(223, 138, 1),
(224, 138, 3),
(225, 139, 2),
(226, 140, 1),
(227, 141, 1),
(228, 142, 3),
(229, 142, 3),
(230, 142, 3),
(231, 142, 3),
(232, 142, 3),
(233, 142, 2),
(234, 142, 2),
(235, 142, 2),
(236, 143, 3),
(237, 143, 3),
(238, 144, 3),
(239, 145, 3),
(240, 146, 2),
(241, 147, 2),
(242, 148, 2),
(243, 149, 3),
(244, 150, 3),
(245, 151, 1),
(246, 152, 3),
(247, 153, 2),
(248, 154, 3),
(249, 155, 3),
(250, 156, 3),
(251, 157, 3),
(252, 158, 3),
(253, 158, 3),
(254, 159, 3),
(255, 160, 3),
(256, 161, 3),
(257, 161, 3),
(258, 162, 3),
(259, 163, 3),
(260, 164, 3),
(261, 165, 1),
(262, 166, 3),
(263, 167, 3),
(264, 167, 3),
(265, 168, 2),
(266, 168, 2),
(267, 168, 1),
(268, 169, 3),
(269, 170, 3),
(270, 171, 3),
(271, 172, 3),
(272, 173, 2),
(273, 174, 3),
(274, 175, 2),
(275, 176, 3),
(276, 177, 3),
(277, 178, 3),
(278, 178, 3),
(279, 179, 3),
(280, 180, 3),
(281, 180, 3),
(282, 180, 3),
(283, 181, 3),
(284, 182, 2),
(285, 183, 3),
(286, 184, 1),
(287, 185, 2),
(288, 186, 2),
(289, 186, 2),
(290, 187, 3),
(291, 188, 3),
(292, 189, 3),
(293, 190, 3),
(294, 190, 3),
(295, 191, 1),
(296, 191, 2),
(297, 191, 3),
(298, 192, 1),
(299, 192, 3),
(300, 193, 1),
(301, 193, 2),
(302, 194, 1),
(303, 194, 2),
(304, 195, 3),
(305, 196, 3),
(306, 197, 3),
(307, 198, 3),
(308, 199, 3),
(309, 200, 3),
(310, 201, 3),
(311, 202, 3),
(312, 203, 3),
(313, 204, 3),
(314, 205, 3),
(315, 206, 3),
(316, 207, 3),
(317, 208, 3),
(318, 209, 3),
(319, 210, 2),
(320, 211, 3),
(321, 211, 3),
(322, 212, 2),
(323, 213, 2),
(324, 214, 3),
(325, 214, 3),
(326, 215, 3),
(327, 216, 3),
(328, 216, 2),
(329, 217, 2),
(330, 218, 3),
(331, 219, 2),
(332, 219, 2),
(333, 220, 3),
(334, 221, 3),
(335, 222, 3),
(336, 223, 3),
(337, 224, 2),
(338, 225, 3),
(339, 226, 2),
(340, 227, 3),
(341, 228, 3),
(342, 229, 3),
(343, 229, 3),
(344, 230, 3),
(345, 231, 3),
(346, 232, 3),
(347, 233, 3),
(348, 233, 3),
(349, 234, 3),
(350, 235, 2),
(351, 236, 3),
(352, 237, 3),
(353, 237, 3),
(354, 238, 3),
(355, 239, 3),
(356, 240, 2),
(357, 241, 2),
(358, 242, 3),
(359, 243, 3),
(360, 243, 3),
(361, 244, 2),
(362, 245, 2),
(363, 246, 1),
(364, 246, 1),
(365, 246, 1),
(366, 246, 2),
(367, 247, 3),
(368, 248, 3),
(369, 249, 3),
(370, 250, 3),
(371, 250, 3),
(372, 251, 3),
(373, 251, 3),
(374, 252, 2),
(375, 253, 3),
(376, 254, 1),
(377, 255, 2),
(378, 256, 2),
(379, 257, 3),
(380, 258, 3),
(381, 259, 2),
(382, 260, 3),
(383, 261, 3),
(384, 262, 3),
(385, 263, 3),
(386, 264, 3),
(387, 265, 3),
(388, 266, 3),
(389, 267, 3),
(390, 268, 1),
(391, 269, 3),
(392, 269, 3),
(393, 270, 2),
(394, 271, 3),
(395, 272, 3),
(396, 273, 3),
(397, 273, 3),
(398, 274, 3),
(399, 275, 3),
(400, 276, 3),
(401, 277, 3),
(402, 277, 3),
(403, 278, 3),
(404, 279, 2),
(405, 280, 2),
(406, 281, 3),
(407, 282, 3),
(408, 283, 2),
(409, 284, 3),
(410, 285, 3),
(411, 285, 3),
(412, 286, 3),
(413, 287, 3),
(414, 287, 3),
(415, 288, 3),
(416, 289, 3),
(417, 290, 3),
(418, 291, 3),
(419, 291, 3),
(420, 292, 3),
(421, 293, 3),
(422, 294, 3),
(423, 295, 3),
(424, 296, 3),
(425, 297, 3),
(426, 298, 3),
(427, 299, 1),
(428, 300, 3),
(429, 301, 2),
(430, 302, 3),
(431, 303, 3),
(432, 304, 3),
(433, 305, 3),
(434, 306, 3),
(435, 307, 3),
(436, 308, 3),
(437, 309, 3),
(438, 310, 3),
(439, 311, 3),
(440, 312, 3),
(441, 313, 2),
(442, 314, 3),
(443, 315, 3),
(444, 316, 1),
(445, 317, 3),
(446, 318, 3),
(447, 318, 3),
(448, 319, 3),
(449, 319, 3),
(450, 320, 3),
(451, 321, 3),
(452, 322, 3),
(453, 323, 2),
(454, 324, 3),
(455, 325, 2),
(456, 326, 2),
(457, 327, 3),
(458, 327, 3),
(459, 327, 3),
(460, 328, 3),
(461, 329, 3),
(462, 330, 3),
(463, 331, 3),
(464, 331, 3),
(465, 332, 3),
(466, 333, 2),
(467, 334, 2),
(468, 335, 1),
(469, 336, 3),
(470, 337, 3),
(471, 338, 3),
(472, 339, 3),
(473, 340, 3),
(474, 341, 2),
(475, 342, 1),
(476, 343, 3),
(477, 344, 3),
(478, 345, 1),
(479, 346, 2),
(480, 347, 3),
(481, 348, 3),
(482, 349, 3),
(483, 350, 3),
(484, 351, 3),
(485, 352, 2),
(486, 353, 2),
(487, 354, 3),
(488, 355, 3),
(489, 356, 3),
(490, 357, 3),
(491, 358, 2),
(492, 359, 2),
(493, 360, 3),
(494, 360, 3),
(495, 361, 2),
(496, 362, 2),
(497, 363, 3),
(498, 364, 3),
(499, 365, 3),
(500, 366, 2),
(501, 367, 3),
(502, 368, 1),
(503, 369, 3),
(504, 370, 3),
(505, 371, 3),
(506, 372, 3),
(507, 373, 3),
(508, 373, 2),
(509, 374, 3),
(510, 375, 3),
(511, 376, 3),
(512, 377, 2),
(513, 377, 2),
(514, 377, 3),
(515, 378, 3),
(516, 379, 3),
(517, 380, 3),
(518, 381, 3),
(519, 382, 2),
(520, 382, 2),
(521, 383, 1),
(522, 384, 3),
(523, 385, 3),
(524, 386, 2),
(525, 387, 3),
(526, 388, 3),
(527, 388, 3),
(528, 389, 3),
(529, 390, 3),
(530, 391, 3),
(531, 392, 3),
(532, 393, 3),
(533, 394, 3),
(534, 395, 3),
(535, 396, 3),
(536, 397, 3),
(537, 398, 3),
(538, 399, 3),
(539, 400, 3),
(540, 401, 3),
(541, 402, 3),
(542, 403, 3),
(543, 404, 3),
(544, 405, 1),
(545, 406, 3),
(546, 407, 3),
(547, 407, 1),
(548, 408, 3),
(549, 409, 3),
(550, 410, 3),
(551, 410, 3),
(552, 410, 3),
(553, 411, 3),
(554, 412, 3),
(555, 413, 2),
(556, 414, 3),
(557, 415, 3),
(558, 416, 3),
(559, 417, 3),
(560, 418, 3),
(561, 419, 3),
(562, 420, 3),
(563, 421, 3),
(564, 422, 3),
(565, 423, 3),
(566, 424, 3),
(567, 425, 3),
(568, 426, 3),
(569, 427, 3),
(570, 428, 3),
(571, 429, 1),
(572, 430, 3),
(573, 431, 1),
(574, 432, 1),
(575, 433, 3),
(576, 434, 2),
(577, 435, 2),
(578, 436, 3),
(579, 437, 3),
(580, 438, 3),
(581, 439, 3),
(582, 440, 2),
(583, 441, 1),
(584, 442, 3),
(585, 443, 3),
(586, 444, 3),
(587, 444, 2),
(588, 445, 3),
(589, 446, 1),
(590, 447, 1),
(591, 448, 3),
(592, 449, 1),
(593, 450, 3),
(594, 450, 3),
(595, 451, 1),
(596, 451, 3),
(597, 452, 3),
(598, 452, 3),
(599, 452, 3),
(600, 453, 3),
(601, 454, 3),
(602, 455, 3),
(603, 456, 3),
(604, 457, 3),
(605, 458, 3),
(606, 459, 3),
(607, 460, 2),
(608, 461, 3),
(609, 462, 3),
(610, 462, 3),
(611, 463, 3),
(612, 464, 3),
(613, 465, 3),
(614, 466, 3),
(615, 467, 3),
(616, 468, 3),
(617, 469, 2),
(618, 470, 3),
(619, 471, 3),
(620, 471, 3),
(621, 472, 3),
(622, 473, 3),
(623, 474, 3),
(624, 475, 3),
(625, 476, 2),
(626, 476, 2),
(627, 477, 3),
(628, 477, 3),
(629, 478, 3),
(630, 478, 3),
(631, 478, 3),
(632, 478, 3),
(633, 478, 2),
(634, 479, 3),
(635, 480, 3),
(636, 481, 2),
(637, 482, 3),
(638, 483, 2),
(639, 484, 3),
(640, 485, 2),
(641, 486, 3),
(642, 487, 3),
(643, 488, 3),
(644, 489, 3),
(645, 489, 3),
(646, 490, 3),
(647, 491, 2),
(648, 492, 3),
(649, 493, 3),
(650, 494, 3),
(651, 495, 3),
(652, 496, 3),
(653, 496, 3),
(654, 497, 3),
(655, 498, 3),
(656, 499, 3),
(657, 500, 3),
(658, 501, 3),
(659, 501, 3),
(660, 502, 3),
(661, 503, 3),
(662, 503, 3),
(663, 503, 3),
(664, 504, 3),
(665, 505, 3),
(666, 506, 2),
(667, 507, 3),
(668, 508, 2),
(669, 508, 2),
(670, 508, 2),
(671, 509, 3),
(672, 509, 3),
(673, 510, 3),
(674, 511, 1),
(675, 512, 3),
(676, 513, 3),
(677, 514, 3),
(678, 514, 3),
(679, 515, 3),
(680, 516, 3),
(681, 517, 1),
(682, 517, 1),
(683, 517, 1),
(684, 518, 3),
(685, 518, 3),
(686, 519, 3),
(687, 520, 2),
(688, 521, 2),
(689, 522, 3),
(690, 523, 3),
(691, 524, 2),
(692, 525, 2),
(693, 526, 3),
(694, 527, 3),
(695, 528, 3),
(696, 529, 2),
(697, 530, 3),
(698, 531, 2),
(699, 532, 3),
(700, 532, 3),
(701, 533, 3),
(702, 534, 1),
(703, 534, 2),
(704, 535, 3),
(705, 536, 3),
(706, 537, 3),
(707, 538, 3),
(708, 539, 2),
(709, 540, 3),
(710, 541, 2),
(711, 542, 2),
(712, 543, 2),
(713, 544, 3),
(714, 544, 3),
(715, 544, 3),
(716, 545, 3),
(717, 546, 3),
(718, 547, 3),
(719, 548, 3),
(720, 549, 3),
(721, 550, 3),
(722, 551, 3),
(723, 552, 3),
(724, 553, 3),
(725, 554, 3),
(726, 555, 3),
(727, 556, 3),
(728, 556, 3),
(729, 556, 2),
(730, 556, 2),
(731, 556, 3),
(732, 557, 3),
(733, 558, 3),
(734, 559, 3),
(735, 560, 3),
(736, 561, 3),
(737, 561, 3),
(738, 562, 3),
(739, 562, 3),
(740, 563, 3),
(741, 564, 3),
(742, 565, 3),
(743, 566, 3),
(744, 567, 3),
(745, 568, 3),
(746, 569, 3),
(747, 570, 3),
(748, 571, 2),
(749, 572, 3),
(750, 573, 3),
(751, 574, 2),
(752, 575, 3),
(753, 576, 3),
(754, 577, 3),
(755, 578, 3),
(756, 579, 3),
(757, 580, 3),
(758, 581, 3),
(759, 581, 3),
(760, 582, 2),
(761, 583, 3),
(762, 584, 3),
(763, 585, 3),
(764, 586, 3),
(765, 586, 3),
(766, 587, 3),
(767, 588, 3),
(768, 589, 3),
(769, 590, 3),
(770, 591, 3),
(771, 591, 2),
(772, 592, 3),
(773, 593, 2),
(774, 594, 3),
(775, 595, 3),
(776, 596, 3),
(777, 596, 3),
(778, 597, 3),
(779, 598, 3),
(780, 598, 3),
(781, 599, 3),
(782, 600, 3),
(783, 601, 3),
(784, 602, 3),
(785, 603, 3),
(786, 604, 3),
(787, 605, 2),
(788, 606, 3),
(789, 607, 3),
(790, 607, 3),
(791, 608, 3),
(792, 608, 3),
(793, 609, 3),
(794, 609, 3),
(795, 609, 3),
(796, 610, 3),
(797, 610, 3),
(798, 611, 2),
(799, 611, 2),
(800, 612, 3),
(801, 613, 3),
(802, 613, 3),
(803, 614, 3),
(804, 615, 3),
(805, 615, 3),
(806, 616, 3),
(807, 616, 3),
(808, 617, 3),
(809, 618, 3),
(810, 619, 3),
(811, 619, 3),
(812, 620, 2),
(813, 621, 3),
(814, 622, 3),
(815, 622, 3),
(816, 622, 3),
(817, 623, 3),
(818, 623, 3),
(819, 624, 3),
(820, 625, 3),
(821, 626, 1),
(822, 627, 2),
(823, 627, 2),
(824, 628, 3),
(825, 628, 3),
(826, 629, 3),
(827, 630, 3),
(828, 631, 2),
(829, 632, 3),
(830, 633, 2),
(831, 634, 3),
(832, 634, 3),
(833, 635, 3),
(834, 635, 3),
(835, 636, 3),
(836, 637, 3),
(837, 638, 3),
(838, 638, 3),
(839, 639, 3),
(840, 639, 3),
(841, 640, 3),
(842, 640, 3),
(843, 640, 3),
(844, 641, 2),
(845, 642, 2),
(846, 643, 3),
(847, 644, 3),
(848, 644, 3),
(849, 644, 3),
(850, 645, 3),
(851, 646, 3),
(852, 646, 3),
(853, 646, 3),
(854, 647, 3),
(855, 648, 2),
(856, 648, 2),
(857, 649, 3),
(858, 650, 3),
(859, 650, 3),
(860, 650, 3),
(861, 651, 3),
(862, 652, 3),
(863, 653, 3),
(864, 654, 3),
(865, 654, 3),
(866, 654, 3),
(867, 655, 2),
(868, 656, 3),
(869, 657, 2),
(870, 658, 3),
(871, 658, 3),
(872, 658, 3),
(873, 659, 3),
(874, 660, 2),
(875, 661, 1),
(876, 662, 3),
(877, 663, 3),
(878, 664, 3),
(879, 665, 3),
(880, 666, 3),
(881, 667, 3),
(882, 667, 3),
(883, 667, 3),
(884, 668, 3),
(885, 669, 3),
(886, 670, 3),
(887, 671, 3),
(888, 672, 3),
(889, 673, 3),
(890, 673, 3),
(891, 674, 3),
(892, 675, 3),
(893, 675, 3),
(894, 675, 3),
(895, 675, 3),
(896, 676, 3),
(897, 676, 3),
(898, 676, 3),
(899, 676, 3),
(900, 677, 2),
(901, 678, 3),
(902, 679, 3),
(903, 680, 3),
(904, 680, 3),
(905, 681, 3),
(906, 681, 3),
(907, 682, 3),
(908, 683, 3),
(909, 684, 3),
(910, 685, 3),
(911, 686, 3),
(912, 687, 3),
(913, 687, 3),
(914, 688, 3),
(915, 689, 3),
(916, 690, 3),
(917, 691, 3),
(918, 692, 3),
(919, 693, 3),
(920, 694, 3),
(921, 695, 3),
(922, 696, 3),
(923, 697, 3),
(924, 698, 1),
(925, 699, 3),
(926, 699, 3),
(927, 700, 3),
(928, 701, 3),
(929, 702, 3),
(930, 703, 3),
(931, 704, 3),
(932, 705, 3),
(933, 706, 2),
(934, 706, 1),
(935, 707, 3),
(936, 707, 1),
(937, 708, 3),
(938, 709, 3),
(939, 709, 3),
(940, 710, 3),
(941, 710, 3),
(942, 711, 3),
(943, 711, 3),
(944, 711, 3),
(945, 712, 3),
(946, 713, 3),
(947, 714, 3),
(948, 715, 3),
(949, 716, 3),
(950, 716, 3),
(951, 717, 3),
(952, 718, 3),
(953, 719, 3),
(954, 719, 3),
(955, 719, 3),
(956, 720, 1),
(957, 721, 1),
(958, 722, 3),
(959, 723, 1),
(960, 724, 1),
(961, 725, 3),
(962, 726, 3),
(963, 726, 3),
(964, 727, 3),
(965, 728, 3),
(966, 729, 3),
(967, 730, 3),
(968, 731, 3),
(969, 732, 3),
(970, 733, 3),
(971, 733, 3),
(972, 733, 3),
(973, 734, 3),
(974, 735, 3),
(975, 735, 3),
(976, 735, 3),
(977, 735, 3),
(978, 735, 3),
(979, 736, 3),
(980, 737, 3),
(981, 737, 3),
(982, 737, 3),
(983, 737, 3),
(984, 738, 3),
(985, 739, 3),
(986, 740, 3),
(987, 741, 3),
(988, 741, 3),
(989, 742, 1),
(990, 743, 2),
(991, 744, 3),
(992, 745, 3),
(993, 746, 3),
(994, 747, 3),
(995, 748, 3),
(996, 749, 3),
(997, 750, 3),
(998, 750, 3),
(999, 751, 3),
(1000, 751, 3),
(1001, 752, 3),
(1002, 753, 3),
(1003, 754, 3),
(1004, 754, 3),
(1005, 754, 3),
(1006, 755, 3),
(1007, 755, 3),
(1008, 756, 3),
(1009, 757, 3),
(1010, 758, 2),
(1011, 759, 3),
(1012, 760, 3),
(1013, 761, 3),
(1014, 762, 2),
(1015, 762, 2),
(1016, 763, 2),
(1017, 764, 3),
(1018, 764, 3),
(1019, 765, 3),
(1020, 766, 2),
(1021, 766, 2),
(1022, 767, 2),
(1023, 768, 3),
(1024, 769, 2),
(1025, 770, 3),
(1026, 771, 3),
(1027, 772, 3),
(1028, 773, 3),
(1029, 774, 2),
(1030, 774, 2);

--
-- Índices para tablas volcadas
--

--
-- Indices de la tabla `configuracion`
--
ALTER TABLE `configuracion`
  ADD PRIMARY KEY (`id`);

--
-- Indices de la tabla `pedido`
--
ALTER TABLE `pedido`
  ADD PRIMARY KEY (`id`);

--
-- Indices de la tabla `sabor`
--
ALTER TABLE `sabor`
  ADD PRIMARY KEY (`id`);

--
-- Indices de la tabla `sabor_pedido`
--
ALTER TABLE `sabor_pedido`
  ADD PRIMARY KEY (`id`);

--
-- Indices de la tabla `topping`
--
ALTER TABLE `topping`
  ADD PRIMARY KEY (`id`);

--
-- Indices de la tabla `topping_pedido`
--
ALTER TABLE `topping_pedido`
  ADD PRIMARY KEY (`id`);

--
-- Indices de la tabla `usuario`
--
ALTER TABLE `usuario`
  ADD PRIMARY KEY (`id`);

--
-- Indices de la tabla `vaso_pedido`
--
ALTER TABLE `vaso_pedido`
  ADD PRIMARY KEY (`id`);

--
-- AUTO_INCREMENT de las tablas volcadas
--

--
-- AUTO_INCREMENT de la tabla `configuracion`
--
ALTER TABLE `configuracion`
  MODIFY `id` int(11) NOT NULL AUTO_INCREMENT;

--
-- AUTO_INCREMENT de la tabla `pedido`
--
ALTER TABLE `pedido`
  MODIFY `id` int(11) NOT NULL AUTO_INCREMENT, AUTO_INCREMENT=775;

--
-- AUTO_INCREMENT de la tabla `sabor`
--
ALTER TABLE `sabor`
  MODIFY `id` int(11) NOT NULL AUTO_INCREMENT, AUTO_INCREMENT=13;

--
-- AUTO_INCREMENT de la tabla `sabor_pedido`
--
ALTER TABLE `sabor_pedido`
  MODIFY `id` int(11) NOT NULL AUTO_INCREMENT, AUTO_INCREMENT=1020;

--
-- AUTO_INCREMENT de la tabla `topping`
--
ALTER TABLE `topping`
  MODIFY `id` int(11) NOT NULL AUTO_INCREMENT, AUTO_INCREMENT=24;

--
-- AUTO_INCREMENT de la tabla `topping_pedido`
--
ALTER TABLE `topping_pedido`
  MODIFY `id` int(11) NOT NULL AUTO_INCREMENT, AUTO_INCREMENT=760;

--
-- AUTO_INCREMENT de la tabla `usuario`
--
ALTER TABLE `usuario`
  MODIFY `id` int(11) NOT NULL AUTO_INCREMENT, AUTO_INCREMENT=3;

--
-- AUTO_INCREMENT de la tabla `vaso_pedido`
--
ALTER TABLE `vaso_pedido`
  MODIFY `id` int(11) NOT NULL AUTO_INCREMENT, AUTO_INCREMENT=1031;
COMMIT;

/*!40101 SET CHARACTER_SET_CLIENT=@OLD_CHARACTER_SET_CLIENT */;
/*!40101 SET CHARACTER_SET_RESULTS=@OLD_CHARACTER_SET_RESULTS */;
/*!40101 SET COLLATION_CONNECTION=@OLD_COLLATION_CONNECTION */;
